17114 	 Un uomo che fa surf su una grande onda nell'oceano.
30572 	 Un uomo e una donna sono seduti a un tavolo a mangiare.
20838 	 Un uomo e una donna che camminano per strada.
15889 	 Un uomo sta guidando una bicicletta su una strada sterrata.
6377 	 Un uomo con un cappello da cowboy guida un cavallo marrone.
28087 	 Un gruppo di persone che giocano a basket in una palestra.
23093 	 Un gruppo di persone che camminano per strada.
21295 	 Un gruppo di persone che camminano per strada.
25571 	 Un giocatore di tennis che indossa una maglietta bianca e dei pantaloni bianchi sta giocando a tennis.
6557 	 Un gruppo di operai edili che lavorano in un cantiere.
22872 	 Un uomo e una donna camminano per strada.
3204 	 Un cane bianco e nero che gioca con un giocattolo.
203 	 Un gruppo di persone sedute intorno a un tavolo a mangiare.
9747 	 Un gruppo di persone che camminano su un sentiero sporco.
25547 	 Due operai edili stanno lavorando su un tetto.
3848 	 Un uomo che nuota in una piscina.
24395 	 Un uomo e una donna sono seduti a un tavolo a mangiare.
27560 	 Un uomo con gli occhiali da sole e una camicia bianca sta suonando la chitarra.
8115 	 Un gruppo di persone in piedi su una barca in acqua.
29427 	 Un pilota di auto da corsa sta guidando su una pista da corsa.
4351 	 Un uomo con un cappello da baseball e un cappello da baseball è seduto su una panchina del parco.
21678 	 Un uomo con una maglietta blu e un cappello da baseball è seduto su una panchina di fronte ad un edificio.
30310 	 Un uomo con un cappello da cowboy e un cappello da cowboy si trova di fronte a un gruppo di persone.
18384 	 Due operai edili stanno lavorando su un tetto.
1107 	 Un cane marrone che salta su un ostacolo.
29598 	 Un gruppo di bambini che giocano in un parco giochi.
22772 	 Un ragazzo con una maglietta blu e un cappello da baseball è seduto su una sedia.
382 	 Un gruppo di persone si riunisce in un parco di divertimento.
2147 	 Un gruppo di persone che camminano su una strada sterrata.
370 	 Un uomo con un cappello da cowboy e una camicia rossa sta guidando un cavallo marrone.
2527 	 Una donna con i capelli biondi e gli occhiali da sole che canta al microfono.
24041 	 Un uomo con un cappello e una camicia blu è seduto su una panchina di fronte ad un edificio.
9451 	 Un operaio edile che lavora su un tetto.
1943 	 Un uomo e una donna sono seduti su una panchina. <end>
20711 	 Una donna con una camicia rossa e un cappello da baseball è in piedi accanto a una donna con un vestito bianco.
2312 	 Un cane marrone con una palla in bocca.
8303 	 Un cane marrone e un cane nero che giocano con una palla rossa.
511 	 Un uomo con un cappello e una camicia bianca sta lavorando su un tetto.
25732 	 Un uomo con una camicia blu e un cappello da baseball è seduto su una panchina di fronte ad un albero di Natale.
4734 	 Un uomo con un cappello rigido sta lavorando su un tetto.
19915 	 Una donna con un vestito blu e un cappello da baseball cammina per strada.
12708 	 Un cane bianco e nero con un bastone in bocca. <end>
1365 	 Un uomo con una camicia bianca e un cappello da baseball è seduto a un tavolo a mangiare un panino.
24251 	 Un uomo e una donna sono seduti su una panchina in un parco. <end>
28590 	 Un uomo con un cappello e una camicia blu sta guidando una bicicletta per strada.
17686 	 Un uomo e una donna sono seduti su una panchina di fronte ad un albero di Natale.
24925 	 Un uomo con una maglietta blu e un cappello da baseball è seduto su una panchina di fronte ad un edificio.
25778 	 Un uomo con un cappello e una camicia blu è seduto su una roccia vicino a un lago.
26463 	 Un uomo con un cappello da cowboy guida un cavallo marrone. <end>
15716 	 Un uomo con una camicia bianca e un cappello da baseball si trova di fronte a un gruppo di persone.
6896 	 Un gruppo di persone sedute intorno a un tavolo a mangiare.
18464 	 Un uomo con una camicia bianca e un cappello da baseball è seduto a un tavolo con un bicchiere di birra.
10982 	 Un gruppo di persone si riunisce intorno a un tavolo.
1933 	 Un uomo e una donna sono seduti su una panchina in un parco. <end>
21575 	 Un uomo e una donna in posa per una foto.
7044 	 Un uomo e una donna sono seduti su una panchina. <end>
10801 	 Un uomo che salta in aria su una spiaggia.
5214 	 Un uomo con una camicia bianca e un cappello da baseball è in piedi su una scogliera che guarda l'oceano.
23372 	 Un uomo con una camicia rossa e dei pantaloni neri sta camminando in una strada trafficata.
12714 	 Un cane che nuota in acqua.
22216 	 Un gruppo di persone che giocano a basket.
200 	 Un giocatore di baseball con un'uniforme bianca e nera sta cercando di colpire la palla.
18849 	 Una donna in camicia rossa e pantaloni neri sta facendo un salto in aria.
118 	 Un uomo e una donna sono in piedi su una barca in acqua.
13094 	 Un cane che corre in un campo erboso.
9272 	 Un bambino con una maglietta blu e dei pantaloni blu è seduto su una roccia in un parco.
18905 	 Un uomo con una camicia bianca e un cappello da baseball è seduto su una panchina di fronte ad un edificio.
8268 	 Un gruppo di persone che camminano lungo una strada di mattoni.
11838 	 Un gruppo di persone che camminano per strada.
29843 	 Un uomo con una camicia rossa e un cappello da cowboy che suona la chitarra.
4917 	 Un gruppo di persone si riunisce intorno a un tavolo.
21371 	 Un gruppo di persone è in piedi su una piattaforma di legno.
12684 	 Un uomo con una camicia rossa e un cappello da baseball è in piedi accanto a una donna con una maglietta bianca e un cappello da cowboy.
7203 	 Un gruppo di persone che camminano per strada.
19175 	 Un gruppo di persone che camminano per strada. <end>
27357 	 Un uomo con una camicia bianca e un apron bianco è seduto a un tavolo con un bicchiere di birra.
19925 	 Due giocatori di hockey stanno giocando a calcio.
23531 	 Un uomo con una camicia blu e un cappello da baseball è seduto a un tavolo a mangiare un panino.
24574 	 Un bambino che gioca con una palla da calcio.
21091 	 Un uomo con una camicia bianca e un cappello da baseball sta parlando con un altro uomo con una maglietta bianca e un cappello nero.
28410 	 Un snowboarder che fa snowboard su una montagna.
13668 	 Un uomo e una donna sono in piedi su una collina di sabbia.
16917 	 Un uomo con una camicia bianca e un cappello da baseball è seduto su una panchina di fronte ad un edificio.
2177 	 Un uomo con una camicia rossa e un cappello da baseball è seduto su una panchina di fronte ad un edificio.
1074 	 Due cani che giocano in un campo.
2968 	 Un uomo in camicia bianca sta cucinando in cucina.
5550 	 Un uomo in mutande che gioca in spiaggia.
16808 	 Un uomo e una donna sono seduti su una panchina in un parco. <end>
20550 	 Un gruppo di persone che camminano per strada. <end>
10479 	 Un uomo e una donna che nuotano in una piscina.
16376 	 Un gruppo di bambini che giocano a calcio.
27558 	 Un uomo e una donna stanno camminando lungo un sentiero di pietra.
12554 	 Un bambino che gioca con un giocattolo.
13760 	 Un uomo con una camicia rossa e un cappello da baseball è seduto su una panchina di fronte ad un edificio.
11076 	 Un cane nero che corre sulla neve.
27721 	 Un uomo e una donna sono seduti a un tavolo in un ristorante. <end>
6304 	 Una donna con i capelli biondi e gli occhiali da sole è seduta su una panchina del parco.
9774 	 Un ragazzo con una maglietta blu sta giocando a un gioco di carnevale.
23476 	 Due donne che camminano per strada.
8913 	 Un uomo e una donna che camminano per strada.
29609 	 Un gruppo di operai edili che lavorano in un cantiere.
29640 	 Un uomo suona la chitarra e canta.
13956 	 Una ragazzina con una maglietta blu e jeans blu che salta su un trampolino.
301 	 Un uomo con un cappello e una camicia bianca sta lavorando su un tetto.
13892 	 Un uomo che fa un trucco in bicicletta su una rampa.
24885 	 Un uomo con gli occhiali da sole e un cappello da baseball si trova di fronte a una folla. <end>
669 	 Due operai edili stanno lavorando su un tetto.
11911 	 Un uomo con gli occhiali da sole e un cappello da baseball è in piedi accanto a una donna con una maglietta blu.
22638 	 Un gruppo di persone sta camminando in una strada affollata.
10392 	 Un uomo e una donna sono seduti su una panchina in un parco. <end>
9488 	 Un cane che corre in un campo.
7575 	 Un uomo e una donna sono seduti a un tavolo a mangiare.
4463 	 Un uomo con un cappello da cowboy e un cappello da cowboy si trova di fronte a una folla. <end>
15159 	 Un gruppo di persone sedute intorno a un tavolo a mangiare.
25023 	 Un cane bianco e nero corre sull'erba.
6582 	 Un gruppo di bambini che giocano a calcio.
25585 	 Un uomo con una camicia bianca e un cappello da baseball è seduto su una panchina di fronte ad un edificio.
10932 	 Un uomo e una donna sono seduti su una panchina di fronte a un corpo d'acqua.
10497 	 Un uomo e una donna sono seduti su una panchina di fronte ad un albero.
19530 	 Un uomo in piedi su una roccia vicino ad un corpo d'acqua.
9273 	 Un ragazzo con una maglietta gialla e un cappello da baseball è in piedi su un pavimento di legno.
20720 	 Un gruppo di operai edili che lavorano su un edificio.
15975 	 Un uomo con gli occhiali da sole e una maglietta bianca suona la chitarra.
28683 	 Un uomo con gli occhiali da sole e una maglietta blu che suona la chitarra.
27571 	 Un giocatore di football che corre con la palla.
12812 	 Un gruppo di giocatori di football che giocano a calcio.
1636 	 Un bambino con una maglietta blu e dei pantaloni blu è in piedi su un campo da calcio.
30188 	 Un uomo suona la chitarra e canta.
16972 	 Un gruppo di persone che camminano per strada.
16632 	 Un uomo e una donna sono seduti su una panchina del parco. <end> <end>
15800 	 Un uomo con una camicia bianca e un cappello da baseball si trova di fronte a una folla di persone.
14118 	 Un cane bianco e nero sta inseguendo un altro cane nero.
15481 	 Una ragazza con un vestito rosa e un cappello da baseball si posa per una foto.
19170 	 Un uomo con una camicia bianca e un cappello da baseball è seduto su una panchina a leggere un libro.
12801 	 Un gruppo di persone sedute a un tavolo in un ristorante.
17749 	 Un uomo con una camicia bianca e un cappello da baseball è seduto su una panchina di fronte ad un edificio.
12509 	 Un uomo e una donna sono seduti su una panchina del parco. <end> <end>
27101 	 Un uomo con una camicia bianca e un cappello da baseball è seduto su una panchina di fronte ad un edificio.
6110 	 Un uomo che fa surf su una grande onda nell'oceano.
9154 	 Un uomo e una donna che camminano per strada.
10291 	 Un cane bianco e nero corre sull'erba.
26781 	 Un uomo e una donna sono seduti a un tavolo a mangiare.
27930 	 Un uomo con un cappello da cowboy guida un cavallo marrone.
12386 	 Un uomo e una donna sono seduti su una panchina del parco.
11945 	 Un uomo sta guidando una bicicletta su una strada sterrata.
29872 	 Un uomo sta guidando una bicicletta su una strada sterrata.
24666 	 Un gruppo di persone che camminano per strada.
11401 	 Un uomo che fa surf su un'onda enorme. <end> <end>
28796 	 Un uomo con gli occhiali da sole e un cappello da baseball è seduto su una panchina del parco.
13323 	 Un uomo con una camicia rossa e un cappello da baseball è seduto su una panchina di fronte a un muro di mattoni.
3547 	 Un uomo con una camicia bianca e un cappello da baseball è seduto a un tavolo con un bicchiere di birra.
24706 	 Un uomo con un cappello e una camicia rossa sta scalando un albero.
15616 	 Un giocatore di football che corre con la palla.
22182 	 Una donna in camicia bianca e pantaloni neri cammina per strada.
19141 	 Un gruppo di persone che suonano strumenti musicali.
9578 	 Un cane nero che nuota in acqua.
27306 	 Un uomo e una donna sono seduti su una panchina. <end>
816 	 Un uomo con una camicia bianca e jeans blu è seduto su una panchina di fronte ad un edificio.
9734 	 Un uomo con una camicia rossa e un cappello da baseball è seduto su una panchina di fronte ad un albero.
28431 	 Un uomo con una camicia bianca e un cappello da baseball è seduto su una sedia a rotelle in un ristorante.
5711 	 Un uomo e una donna sono seduti a un tavolo a mangiare.
293 	 Un uomo con una camicia rossa e un cappello da baseball è seduto su una panchina di fronte ad un albero di Natale.
21951 	 Un gruppo di persone che camminano per strada.
10033 	 Un bambino con una maglietta blu sta giocando a un gioco di carnevale.
16664 	 Un uomo con gli occhiali da sole e una maglietta blu a maniche lunghe si trova di fronte ad un edificio.
3979 	 Un gruppo di persone che camminano in un parco.
11218 	 Un giocatore di tennis colpisce la palla. <end> mentre la folla guarda.
5447 	 Un uomo con un cappello da cowboy guida un cavallo marrone.
18618 	 Un gruppo di persone che suonano strumenti musicali.
11539 	 Un cane bianco e nero con un bastone in bocca corre attraverso la sabbia.
18024 	 Un uomo con una camicia rossa e un cappello da baseball è seduto su una panchina di fronte ad un edificio.
3423 	 Un uomo con una camicia rossa e un cappello da baseball è seduto su una panchina di fronte a un microfono.
10530 	 Un giocatore di baseball che si prepara a lanciare la palla.
16175 	 Un uomo e una donna stanno camminando per strada.
22639 	 Una donna con una camicia rossa e dei pantaloni neri cammina per strada.
24520 	 Un uomo con un cappello da cowboy guida un cavallo marrone.
29505 	 Un uomo con una camicia bianca e un cappello da baseball è in piedi accanto a una donna con una maglietta bianca e un cappello da cowboy.
478 	 Una donna in camicia bianca e un uomo in camicia bianca sono seduti a un tavolo a mangiare.
4271 	 Un uomo e una donna sono seduti a un tavolo a mangiare.
12467 	 Un cane marrone che corre in un campo erboso.
17264 	 Un uomo e una donna sono seduti a un tavolo a mangiare.
19253 	 Un uomo con gli occhiali da sole e una maglietta blu a maniche lunghe si trova di fronte a un microfono. <end>
21612 	 Un uomo con il casco sta guidando una bicicletta su una strada sterrata.
19824 	 Un cane che salta su un ostacolo.
14821 	 Una ragazzina con una maglietta bianca e jeans blu sta giocando con una palla da calcio.
20109 	 Un uomo con una camicia bianca e un cappello da baseball è in piedi accanto a una donna che indossa una maglietta bianca e pantaloni neri.
4641 	 Un uomo e una donna sono seduti a un tavolo a mangiare.
12507 	 Un uomo con una camicia rossa e un cappello da baseball è seduto su una panchina di fronte a un muro di mattoni.
26673 	 Un uomo con una camicia blu e un cappello da baseball si trova di fronte a un corpo d'acqua.
22477 	 Un uomo e una donna sono seduti su una panchina del parco. <end> <end>
20878 	 Un uomo con una camicia bianca e un apron bianco è seduto a un tavolo a mangiare un panino.
19652 	 Un uomo con una camicia bianca e un cappello da baseball si trova di fronte a una folla di persone.
5515 	 Un gruppo di bambini che giocano in un parco giochi.
5479 	 Un gruppo di giocatori di football che giocano a calcio.
23745 	 Un uomo con gli occhiali da sole e un cappello da baseball si trova di fronte a una folla di persone.
13059 	 Un uomo e una donna stanno guidando una bicicletta per strada.
14766 	 Un uomo e una donna sono in piedi su un campo da calcio. <end> <end>
12906 	 Uno sciatore che scia su una montagna innevata.
27554 	 Un uomo con un cappello e una camicia bianca sta lavorando su un tetto.
23194 	 Un uomo e una donna sono seduti su una panchina. <end>
20129 	 Un gruppo di persone che camminano in una strada affollata.
19739 	 Un uomo con una camicia bianca e un cappello da baseball è in piedi accanto a una donna con un vestito bianco.
19875 	 Un uomo con una camicia bianca e pantaloni neri è seduto su una panchina di fronte a un muro di mattoni.
24152 	 Una donna con una camicia rossa e un cappello da baseball si posa per una foto.
28286 	 Un uomo che fa surf su una grande onda nell'oceano.
2006 	 Un uomo e una donna sono in piedi su una barca in acqua.
26923 	 Un uomo con una camicia rossa e un cappello da baseball è in piedi accanto a una donna con una maglietta bianca e jeans blu.
30199 	 Un giocatore di tennis che si prepara a lanciare la palla.
20382 	 Un cane bianco e nero salta in aria per prendere una palla.
30810 	 Un uomo e una donna sono seduti su una panchina. <end>
13861 	 Un cane che gioca con un giocattolo.
30437 	 Un uomo e una donna stanno camminando in una strada della città.
5013 	 Un uomo e una donna sono seduti su una panchina. <end>
6554 	 Un gruppo di musicisti che suonano in un gruppo.
21727 	 Un gruppo di persone in una stanza piena di persone. <end>
11032 	 Un uomo in camicia bianca e pantaloni neri che fa un trucco su uno skateboard.
10219 	 Un uomo con una camicia bianca e un cappello bianco è seduto su una panchina di fronte ad un edificio.
27126 	 Un uomo con un cappello e una camicia a strisce si trova di fronte a un muro di mattoni.
322 	 Un uomo suona la chitarra e canta.
9137 	 Un uomo con una camicia bianca e pantaloni neri è in piedi su un pavimento di legno.
30276 	 Un gruppo di giocatori di calcio che giocano a calcio.
25802 	 Un uomo e una donna sono seduti a un tavolo a mangiare.
16775 	 Un uomo e una donna stanno parlando in un bar. <end>
7646 	 Un uomo e una donna sono seduti su una panchina in un parco. <end>
17003 	 Un cane bianco e nero che nuota in un lago.
9079 	 Un uomo e una donna che camminano per strada.
628 	 Un gruppo di persone che camminano per strada.
6248 	 Un uomo e una donna in posa per una foto.
23953 	 Un gruppo di persone che camminano per strada.
21913 	 Un uomo e una donna sono seduti a un tavolo in un ristorante.
30177 	 Un uomo e una donna sono seduti su una panchina. <end>
22834 	 Un gruppo di persone che camminano per strada.
26416 	 Una donna con i capelli biondi e gli occhiali da sole è seduta su una sedia.
16811 	 Un uomo e una donna in posa per una foto.
20439 	 Un giocatore di football che corre con la palla.
23238 	 Un gruppo di bambini che giocano in una fontana.
15204 	 Un uomo con una camicia rossa e dei pantaloni neri sta guidando una bicicletta.
1144 	 Una macchina da corsa sta correndo lungo la strada.
25295 	 Un uomo e una donna stanno camminando per strada. <end>
23038 	 Un gruppo di persone che camminano per strada.
23882 	 Un uomo con una maglietta blu e un cappello da baseball è seduto su una panchina in un parco. <end>
8375 	 Un uomo e una donna sono seduti a un tavolo in un ristorante. <end>
9038 	 Una ragazza con una maglietta blu e dei pantaloni blu sta giocando a tennis.
24370 	 Un gruppo di persone in piedi su un molo che guarda l'oceano.
14887 	 Un gruppo di persone si riunisce in una stanza piena di persone.
29976 	 Un giocatore di tennis che colpisce una palla.
29884 	 Due donne che camminano per strada.
20495 	 Una donna con una camicia rossa e un cappello da baseball si trova di fronte a una folla di persone.
25731 	 Un uomo e una donna sono seduti su una panchina in un parco. <end>
24314 	 Un uomo che fa un trucco su uno skateboard su una rampa.
13876 	 Una ragazzina con una maglietta bianca e jeans blu che salta su un trampolino.
3197 	 Una donna con i capelli biondi e gli occhiali da sole sorride.
16923 	 Un ragazzo con una maglietta bianca e un cappello da baseball è seduto su una sedia.
14585 	 Un uomo con una camicia bianca e un cappello da baseball è seduto su una panchina di fronte ad un edificio.
25165 	 Un uomo con gli occhiali da sole e una camicia bianca sta facendo una foto.
2179 	 Un bambino che dorme su una sedia a rotelle.
11437 	 Un cane che nuota in acqua.
16933 	 Un uomo e una donna sono seduti a un tavolo in un ristorante.
7414 	 Un bambino che gioca con un giocattolo. <end>
28084 	 Un uomo in camicia nera suona la chitarra e canta.
13671 	 Un ragazzo in camicia rossa sta scalando un albero.
30644 	 Un uomo e una donna sono seduti a un tavolo a mangiare.
1513 	 Un gruppo di persone in piedi su una barca in acqua.
3105 	 Un gruppo di bambini che giocano in spiaggia.
12984 	 Un uomo e una donna in posa per una foto.
1478 	 Un uomo e una donna in posa per una foto.
8117 	 Un gruppo di ciclisti che corrono su una pista.
14392 	 Una donna con i capelli biondi che indossa una maglietta blu a maniche lunghe e jeans blu che suona la chitarra.
5808 	 Un bambino che gioca con un giocattolo.
1740 	 Un gruppo di persone che camminano per strada.
25762 	 Un uomo con un cappello e una camicia bianca sta lavorando su un tetto. <end> <end> <end>
21377 	 Un uomo e una donna sono seduti su una panchina in un parco. <end>
21484 	 Un uomo e una donna in posa per una foto.
6542 	 Un gruppo di persone si riunisce in una stanza piena di persone.
11564 	 Un uomo con una camicia bianca e un apron bianco sta cucinando in cucina. <end> <end> <end>
18599 	 Due cani giocano nella neve.
26791 	 Un uomo con una camicia bianca e un cappello da baseball è seduto su una panchina di fronte ad un edificio.
1089 	 Un uomo con una camicia rossa e un cappello da baseball è seduto su una panchina di fronte a un muro di mattoni.
16726 	 Un uomo e una donna sono seduti su una roccia vicino all'acqua.
26141 	 Un bambino con una maglietta blu e un cappello da baseball è seduto su una sedia.
1052 	 Un uomo e una donna stanno camminando per strada. <end>
1103 	 Un gruppo di persone si riunisce intorno a un tavolo.
30089 	 Un uomo con una camicia rossa e dei pantaloni neri sta guidando una bicicletta.
1271 	 Un uomo e una donna sono seduti su una panchina del parco. <end> <end>
16412 	 Un uomo e una donna sono seduti su una panchina. <end>
21625 	 Una donna in camicia bianca e pantaloni neri cammina per strada.
4960 	 Due cani che giocano nella neve.
22827 	 Un uomo e una donna stanno camminando per strada.
2662 	 Un uomo con un cappello e una camicia bianca sta lavorando su un tetto. <end> <end>
7382 	 Un uomo e una donna sono seduti a un tavolo a mangiare.
30040 	 Un uomo e una donna sono seduti a un tavolo in un ristorante.
12449 	 Un uomo con una camicia bianca e pantaloni neri sta guidando una bicicletta per strada.
22295 	 Un uomo con una camicia bianca e un cappello da baseball è seduto su una panchina di fronte a un muro di mattoni.
11570 	 Una donna con una camicia bianca e un cappello da baseball si trova di fronte a un microfono.
23151 	 Un gruppo di persone che camminano per strada.
15329 	 Un uomo e una donna che camminano per strada.
21545 	 Una ragazza con una maglietta blu e un cappello da baseball è seduta su una panchina di legno.
22152 	 Un uomo con una camicia bianca e pantaloni neri cammina per una strada della città. <end>
23721 	 Un uomo con gli occhiali da sole e un cappello da baseball si trova di fronte a un gruppo di persone.
2326 	 Un uomo con una camicia rossa e un cappello da baseball è seduto su una panchina di fronte ad un albero di Natale.
1155 	 Un ragazzo con una maglietta blu e un cappello da bagno che nuota in una piscina.
12614 	 Un gruppo di bambini che giocano a calcio.
16552 	 Un uomo con un cappello e una camicia bianca sta lavorando su un tetto.
15851 	 Un uomo sta guidando una bicicletta su una strada sterrata.
16220 	 Un uomo con una camicia blu e un cappello da baseball è seduto su una panchina di fronte a un muro di mattoni.
24045 	 Un uomo con un cappello nero e una camicia bianca sta lavorando su un computer portatile.
13351 	 Un cane bianco e nero salta in aria per prendere una Frisbee.
21687 	 Un uomo che fa un trucco in aria su una rampa.
8039 	 Un giocatore di baseball che si prepara a lanciare la palla.
13779 	 Una donna in camicia bianca e pantaloni neri che gioca a tennis.
18182 	 Un uomo con una camicia blu e un cappello da baseball è seduto a un tavolo con un bicchiere di birra.
6282 	 Un gruppo di persone che camminano per strada.
161 	 Un uomo con una camicia rossa e dei pantaloni neri è in piedi su una ringhiera di metallo.
14836 	 Un gruppo di persone si riunisce intorno ad un albero di Natale.
13447 	 Un uomo e una donna sono seduti a un tavolo in un ristorante. <end>
14763 	 Un uomo con gli occhiali da sole e un cappello da baseball è seduto su una sedia a rotelle. <end> <end>
23918 	 Un gruppo di persone in posa per una foto.
26186 	 Un uomo con un cappello e una camicia rossa sta scalando un muro di roccia.
10963 	 Un gruppo di persone che camminano per strada.
29277 	 Una ragazza con un vestito rosa e un cappello da baseball è in piedi accanto a una donna con un vestito bianco.
12075 	 Un bambino che dorme in una culla.
29735 	 Un gruppo di persone che camminano in un campo.
27478 	 Un uomo con una maglietta blu e un cappello da baseball è seduto su una panchina di fronte ad un edificio.
17267 	 Un cane bianco e nero che gioca con un giocattolo.
6278 	 Un gruppo di persone che camminano per strada.
18622 	 Un uomo e una donna sono seduti a un tavolo in un ristorante.
15994 	 Un uomo con una camicia bianca e un cappello da baseball è seduto a un tavolo in un ristorante.
11036 	 Un gruppo di persone è seduto a un tavolo in un ristorante.
25902 	 Un uomo con una camicia bianca e un cappello da baseball si trova di fronte a un gruppo di persone.
5576 	 Un uomo e una donna sono seduti su una panchina del parco. <end> <end>
22889 	 Una donna con i capelli biondi è seduta a un tavolo in un ristorante.
15825 	 Un cane nero e un cane marrone che giocano in un campo.
23868 	 Un uomo con una camicia bianca e un cappello da baseball si trova di fronte a un gruppo di persone.
5062 	 Un cane bianco e nero che corre sull'erba.
28366 	 Un gruppo di persone sta guidando una bicicletta su una strada sterrata.
23657 	 Un uomo e una donna sono seduti a un tavolo a mangiare.
25883 	 Un uomo con una camicia bianca e un cappello da baseball è seduto a un tavolo in un ristorante.
12846 	 Un giocatore di baseball che si prepara a lanciare la palla.
3175 	 Un gruppo di persone sedute intorno a un tavolo a mangiare.
3631 	 Un cane che corre sulla neve.
13673 	 Un uomo e una donna stanno camminando per strada.
5300 	 Un uomo e una donna sono seduti su una panchina in un parco. <end>
27310 	 Un uomo con un cappello da cowboy e un cappello da cowboy sta guidando un cavallo marrone.
387 	 Un uomo e una donna sono seduti a un tavolo a mangiare.
610 	 Un bambino con una maglietta blu e dei pantaloni blu è seduto su una sedia.
20166 	 Un gruppo di persone che camminano per strada.
8555 	 Un uomo con una maglietta blu e un cappello da baseball è in piedi su una roccia vicino ad un albero.
4743 	 Un uomo con gli occhiali da sole e un cappello da baseball è in piedi sulla spiaggia.
16511 	 Un cane che nuota in acqua.
3969 	 Due bambini che giocano con un giocattolo.
29492 	 Un gruppo di persone che suonano strumenti musicali.
27707 	 Un uomo con una camicia bianca e un cappello da baseball è seduto su una panchina a leggere un libro.
30632 	 Due cani corrono in un campo erboso.
23499 	 Un venditore di strada che vende frutta e verdura.
29272 	 Un uomo e una donna sono seduti a un tavolo a mangiare.
1168 	 Un uomo con un cappello da cowboy e un cappello da cowboy guida un cavallo marrone.
30369 	 Un uomo con una camicia rossa e un cappello da cowboy che suona la chitarra.
9017 	 Un uomo con una camicia bianca e un cappello da baseball è seduto a un tavolo in un ristorante.
21414 	 Un uomo e una donna che camminano per strada.
15693 	 Un bambino che gioca con una palla da calcio.
27362 	 Un snowboarder che fa un salto in aria.
1523 	 Un uomo con una camicia bianca e un cappello da baseball è seduto su una panchina di fronte ad un edificio.
16653 	 Un gruppo di persone è seduto su una panchina in un parco. <end>
26019 	 Un uomo con una camicia blu e un cappello bianco è seduto su una panchina di fronte a un muro di mattoni.
15733 	 Un uomo con una camicia rossa e dei pantaloni neri sta giocando a tennis.
2256 	 Una donna con una camicia rossa e un cappello da cowboy sta guidando un cavallo marrone.
22261 	 Un uomo e una donna stanno camminando per strada.
29887 	 Un bambino con una maglietta blu e dei pantaloni blu è seduto su una sedia a rotelle in un parco giochi.
25208 	 Un gruppo di persone che camminano lungo una strada affollata.
19645 	 Un uomo con un cappello e una camicia a strisce è seduto su una panchina di fronte a un muro di mattoni.
6143 	 Un uomo con un cappello da cowboy e un cappello da cowboy si trova in una folla di persone.
28233 	 Un uomo con una camicia bianca e jeans blu è seduto su una panchina di fronte ad un edificio.
27963 	 Un uomo e una donna sono seduti su una panchina di fronte a un corpo d'acqua.
26161 	 Due ragazzi che giocano a calcio.
630 	 Un uomo che fa surf su una grande onda nell'oceano.
1102 	 Una donna in camicia bianca e pantaloni neri sta giocando a tennis.
11561 	 Un uomo con una camicia rossa e dei pantaloni blu è in piedi su una montagna innevata.
27834 	 Un uomo con una camicia bianca e un cappello da baseball è seduto su una panchina di fronte a una folla di persone.
4072 	 Un uomo e una donna sono seduti a un tavolo a mangiare.
4480 	 Un uomo con un cappello da cowboy e un cappello da baseball è in piedi accanto a un furgone bianco. <end>
4053 	 Un cane marrone con un bastone in bocca. <end>
15136 	 Un uomo che fa surf su una tavola da surf.
27731 	 Un uomo con il casco sta guidando una bicicletta. <end>
6209 	 Un uomo con una camicia rossa e dei pantaloni neri sta facendo un salto in aria su una rampa.
29509 	 Un uomo che fa surf su una grande onda nell'oceano.
9151 	 Un uomo e una donna in posa per una foto.
12861 	 Un uomo e una donna sono seduti a un tavolo a mangiare.
22038 	 Un uomo con una camicia rossa e un cappello da baseball è seduto su una panchina di fronte a un muro di mattoni.
17410 	 Un uomo con una camicia bianca e pantaloni neri è in piedi accanto a un muro di mattoni.
8371 	 Un uomo e una donna sono seduti su una panchina. <end>
14291 	 Un bambino che gioca in un parco giochi.
18576 	 Un uomo con un cappello e una camicia rossa sta scalando un albero. <end> <end> <end>
24365 	 Un uomo con una maglietta blu e un cappello da baseball sta parlando con un altro uomo con una maglietta blu a strisce.
27543 	 Un bambino con i capelli biondi che indossa una maglietta a strisce bianche e nere.
13136 	 Un uomo con una camicia blu e un cappello da baseball è seduto su una panchina di fronte ad un albero.
4906 	 Un cane bianco e nero che corre in un campo erboso. <end>
3977 	 Un uomo con un cappello rigido sta lavorando su un tetto.
24150 	 Un uomo con un cappello da baseball e una camicia bianca è seduto su una panchina di fronte ad un edificio.
15223 	 Un uomo e una donna sono seduti a un tavolo in un ristorante.
18127 	 Un uomo e una donna in posa per una foto.
13278 	 Una donna che gioca a tennis.
20920 	 Un uomo con un cappello da baseball e una camicia bianca è seduto su una panchina del parco.
7156 	 Due cani corrono attraverso l'erba.
27106 	 Un giocatore di baseball che lancia la palla.
29095 	 Un gruppo di persone si riunisce intorno a un tavolo. <end>
18440 	 Un uomo e una donna sono seduti a un tavolo a mangiare.
28215 	 Un uomo e una donna sono seduti a un tavolo a mangiare.
3393 	 Un cane che nuota in un lago.
13332 	 Un uomo con una camicia bianca e un cappello da baseball è seduto su una sedia a rotelle in un ristorante.
6533 	 Un uomo con un cappello rigido sta lavorando su un tetto.
2089 	 Un gruppo di persone che giocano a calcio.
462 	 Un uomo con una camicia bianca e un cappello da baseball si trova di fronte a una folla di persone.
14388 	 Un gruppo di bambini che giocano in spiaggia.
19063 	 Un gruppo di persone che camminano per strada. <end>
170 	 Un cane bianco e nero corre sulla sabbia.
6230 	 Un uomo con un cappello da baseball e una camicia bianca sta parlando con un uomo con un cappello da baseball e una maglietta bianca.
24819 	 Un uomo e una donna sono seduti su una panchina.
22747 	 Un grande gruppo di persone che camminano per strada.
30256 	 Un gruppo di persone che giocano a basket.
18740 	 Un uomo con un cappello e una camicia bianca sta lavorando su un tetto.
14824 	 Un uomo con gli occhiali da sole e un cappello da baseball si trova di fronte a un gruppo di persone.
6990 	 Un bambino con una maglietta blu e dei pantaloni blu è seduto su una sedia a rotelle.
12202 	 Un uomo e una donna sono seduti a un tavolo a mangiare.
19688 	 Un uomo e una donna sono seduti su una panchina in un parco. <end>
16296 	 Un uomo con una camicia rossa e dei pantaloni neri sta facendo un trucco su uno skateboard.
27518 	 Un bambino che indossa una maglietta a strisce bianche e nere.
109 	 Un uomo e una donna stanno camminando su una spiaggia rocciosa.
6151 	 Un uomo con una camicia rossa e un cappello da baseball è seduto su una panchina del parco. <end> <end>
10752 	 Un uomo che fa surf su una tavola da surf.
29111 	 Un uomo con una camicia bianca e pantaloni neri è seduto su una panchina di fronte ad un edificio.
21267 	 Un uomo e una donna sono seduti a un tavolo a mangiare.
900 	 Un uomo e una donna sono seduti a un tavolo in un ristorante. <end>
3032 	 Un uomo con gli occhiali da sole e una camicia nera suona la chitarra.
29745 	 Un uomo con un cappello e una camicia bianca sta lavorando su un tetto.
8339 	 Un uomo e una donna in posa per una foto.
16655 	 Un uomo e una donna sono seduti a un tavolo a mangiare.
4011 	 Una donna con una camicia bianca e un cappello da baseball si trova di fronte a una folla di persone.
20165 	 Un uomo con un cappello da cowboy e un cappello da cowboy si trova in un campo erboso. <end> <end>
6167 	 Un uomo con una camicia rossa e un cappello da baseball sta parlando con un altro uomo con una maglietta blu a maniche corte.
21717 	 Una donna con una camicia bianca e pantaloni neri cammina per strada.
10356 	 Una ragazzina con un cappello rosa e una maglietta blu che gioca con una palla da calcio.
17095 	 Un giocatore di tennis che si prepara a lanciare la palla.
20483 	 Un uomo con una camicia bianca e un cappello da baseball è seduto a un tavolo in un ristorante. <end>
24614 	 Un uomo con un cappello da cowboy e un cappello da cowboy guida un cavallo marrone.
25993 	 Un bambino che dorme su una coperta blu.
23785 	 Un uomo con una camicia rossa e un cappello da baseball è seduto su una panchina di fronte ad un albero di Natale.
1746 	 Un uomo sta scalando una montagna innevata.
10793 	 Un uomo e una donna sono seduti a un tavolo a mangiare.
18126 	 Un uomo che suona la chitarra e canta.
13420 	 Due cani corrono in un campo erboso.
10014 	 Un ragazzo con una maglietta blu e un cappello da baseball sta giocando a un gioco di carnevale.
18916 	 Una ragazzina con una maglietta blu e dei pantaloni blu sta giocando a tennis.
11960 	 Un uomo con una camicia bianca e un cappello bianco è seduto su una panchina di fronte ad un edificio.
29467 	 Un uomo con un cappello da cowboy sta guidando un cavallo marrone.
16434 	 Due ragazzi che giocano a calcio.
10557 	 Un uomo con una camicia rossa e un cappello da baseball è seduto su una panchina di fronte ad un edificio.
21671 	 Un uomo e una donna sono seduti su una panchina. <end>
17561 	 Un cane nero e un cane marrone che giocano nella neve.
11056 	 Un uomo e una donna che camminano per strada. <end>
24106 	 Un uomo con una camicia bianca e jeans blu è seduto su una panchina di fronte a un muro di mattoni.
14998 	 Un uomo con un cappello da cowboy e un cappello da cowboy guida un cavallo marrone.
3410 	 Un uomo con un cappello e una giacca di pelle nera è in piedi su una montagna innevata.
26811 	 Un uomo e una donna sono seduti su una panchina del parco. <end> <end>
16208 	 Un uomo e una donna sono seduti su una panchina del parco. <end> <end>
27937 	 Un uomo con una camicia rossa e dei pantaloni neri sta guidando una bicicletta su una strada sterrata.
18085 	 Un uomo con un cappello rigido sta lavorando su un treno.
30485 	 Un uomo con una maglietta blu e un cappello da baseball è seduto su una panchina di fronte ad un albero.
29289 	 Un motociclista sporco che fa un trucco in aria. <end>
419 	 Un gruppo di persone si riunisce intorno a un tavolo.
16134 	 Un uomo e una donna sono seduti su una panchina in un parco.
4840 	 Un uomo e una donna in posa per una foto.
13261 	 Un uomo e una donna sono seduti a un tavolo a bere.
29574 	 Un uomo con gli occhiali da sole è seduto su una panchina di fronte ad un edificio.
19905 	 Un uomo in camicia bianca e pantaloni neri cammina per una strada della città.
16414 	 Un gruppo di persone che camminano per strada.
25652 	 Un gruppo di persone in una gara in bicicletta.
99 	 Un gruppo di persone sedute su una panchina del parco. <end> <end>
7900 	 Un uomo con una camicia bianca e pantaloni neri è in piedi su una strada cittadina con un cartello che dice " abbracci gratis".
3104 	 Un uomo che fa un trucco in bicicletta su una rampa.
14059 	 Un gruppo di persone si riunisce in un parco di divertimento.
10923 	 Una donna in camicia bianca e pantaloni neri cammina per strada.
377 	 Un uomo con un cappello da cowboy e un cappello da cowboy sta guidando un cavallo marrone.
13347 	 Un uomo e una donna sono seduti a un tavolo a mangiare.
13265 	 Un uomo in camicia rossa sta guidando una bicicletta per strada.
21147 	 Un cane bianco e nero che salta in aria per prendere una palla.
11162 	 Un cane bianco e nero salta in aria per prendere una palla.
12595 	 Un uomo e una donna in posa per una foto.
20361 	 Un uomo con una camicia bianca e un cappello da baseball è seduto su una panchina di fronte ad un edificio.
1371 	 Un uomo con una camicia bianca e un cappello da baseball sta parlando al microfono.
3756 	 Un uomo che fa surf su una grande onda nell'oceano.
28190 	 Un uomo in camicia bianca e pantaloni neri sta facendo un trucco su uno skateboard.
9778 	 Un gruppo di persone sedute a un tavolo a mangiare.
10449 	 Un uomo con una camicia rossa e un cappello da baseball è seduto su una panchina di fronte ad un edificio.
23968 	 Un gruppo di persone che camminano per strada.
25368 	 Un gruppo di persone si riunisce intorno ad un albero di Natale.
14275 	 Un uomo con un cappello da cowboy e un cappello da cowboy si trova in un campo di erba secca.
16001 	 Un uomo e una donna in posa per una foto.
10164 	 Due operai edili stanno lavorando su un tetto.
27643 	 Un ragazzo con una maglietta blu e jeans blu sta saltando su un trampolino.
14098 	 Un cane nero e un cane bianco e nero corrono sull'erba. <end>
14001 	 Un cane bianco e nero salta in aria per prendere una Frisbee.
21130 	 Un uomo con una camicia bianca e un cappello da baseball si trova di fronte a una folla di persone.
16695 	 Un uomo con il casco sta guidando una bicicletta su una strada sterrata.
20171 	 Un uomo e una donna in posa per una foto.
14896 	 Una macchina da corsa sta correndo lungo la strada.
16103 	 Un uomo che fa un trucco in bicicletta su una rampa.
5224 	 Un uomo con una camicia bianca e pantaloni neri è seduto su una panchina di fronte a un muro di mattoni.
1520 	 Gli operai edili stanno lavorando su un tetto.
28007 	 Un uomo in camicia blu e pantaloni neri sta facendo un trucco su uno skateboard.
25458 	 La gente che compra in un mercato all'aperto.
28995 	 Un bambino che gioca con un giocattolo.
3085 	 Un uomo e una donna sono seduti su una panchina in un parco. <end>
19558 	 Un uomo con una maglietta blu e un cappello da baseball è seduto su una panchina del parco. <end> <end>
17302 	 Un uomo e una donna sono seduti a un tavolo a mangiare.
16365 	 Un uomo e una donna camminano per strada.
12993 	 Un gruppo di persone che camminano per strada.
22185 	 Un gruppo di persone che camminano per strada.
8238 	 Un uomo e una donna che camminano per strada. <end>
25226 	 Un uomo e una donna stanno camminando per una strada della città.
18813 	 Un gruppo di persone che camminano per strada.
18974 	 Un gruppo di persone che suonano strumenti musicali.
13311 	 Un gruppo di persone che camminano per strada. <end>
1902 	 Due bambini giocano in un parco giochi.
15967 	 Un uomo che fa surf su una grande onda nell'oceano.
28352 	 Un gruppo di persone che camminano in una parata.
16394 	 Un uomo con una camicia bianca e un cappello bianco è seduto su una panchina di fronte a un muro di mattoni.
27697 	 Un bambino che dorme su una sedia a rotelle.
15506 	 Un gruppo di persone che camminano per strada.
12931 	 Una donna in camicia rossa e un uomo in camicia bianca sono seduti a un tavolo a mangiare.
7376 	 Un uomo con una camicia bianca e un cappello da baseball si trova di fronte ad un edificio.
27655 	 Due uomini che giocano a hockey sul ghiaccio.
10724 	 Un ragazzo con una maglietta bianca e jeans blu sta saltando su un trampolino. <end>
1378 	 Un surfista fa surf su un'onda enorme.
21221 	 Un uomo con una maglietta blu e un cappello da baseball è seduto su una panchina di fronte ad un edificio.
28169 	 Un uomo con una camicia blu e un cappello da baseball è seduto a un tavolo con un bicchiere di birra.
5108 	 Un uomo con un cappello e una camicia blu sta lavorando su un tetto.
19163 	 Un uomo con gli occhiali da sole e un cappello da baseball si trova di fronte a una folla di persone.
6505 	 Un uomo con un cappello rigido sta lavorando su un tetto.
2605 	 Un uomo e una donna sono seduti su una panchina del parco. <end> <end>
3821 	 Un uomo con una camicia rossa e un casco bianco sta sciando su una montagna ricoperta di neve.
20478 	 Un bambino con una maglietta blu e dei pantaloni blu sta giocando con una palla da calcio.
16819 	 Un uomo e una donna sono in spiaggia.
6902 	 Un gruppo di persone che camminano per strada.
3180 	 Un uomo e una donna in posa per una foto.
23283 	 Un uomo e una donna sono seduti su una panchina del parco. <end> <end>
762 	 Un ragazzo con una maglietta blu sta giocando a un gioco di carnevale.
18692 	 Un uomo suona la chitarra e canta.
21478 	 Un uomo con un cappello da cowboy e un cappello da cowboy guida un cavallo marrone.
10741 	 Un uomo e una donna in posa per una foto.
5522 	 Un giocatore di football in rosso e nero sta cercando di attaccare un altro giocatore di football con la palla.
3975 	 Un cane che nuota in acqua.
16590 	 Un uomo e una donna sono seduti su una panchina in un parco. <end>
21441 	 Un uomo e una donna che camminano lungo una strada della città.
28126 	 Un gruppo di persone che camminano per strada.
28009 	 Un uomo è seduto su una roccia vicino ad un albero.
17243 	 Un uomo con una camicia bianca e un cappello da baseball è seduto su una panchina di fronte a un muro di mattoni.
3096 	 Un cane bianco e nero corre sull'erba verde.
20040 	 Un gruppo di persone che camminano per strada.
22859 	 Un uomo con il casco sta guidando una bicicletta su una strada sterrata.
29614 	 Un uomo con un cappello da cowboy guida un cavallo marrone. <end>
9985 	 Un uomo con una camicia bianca e pantaloni neri sta facendo un salto in aria.
4616 	 Un uomo con una camicia rossa e un cappello da baseball è seduto su una panchina di fronte a un muro di mattoni.
5477 	 Un gruppo di giocatori di calcio che giocano a calcio.
3995 	 Un bambino che gioca con un giocattolo.
10061 	 Un gruppo di persone che camminano in un parco.
15638 	 Un grande gruppo di persone si riunisce in un parco.
15795 	 Un uomo e una donna sono seduti su una panchina del parco. <end> <end>
282 	 Un uomo sta guidando una bicicletta su una strada sterrata.
12521 	 Un uomo con una camicia bianca e una cravatta rossa sta cantando al microfono.
2476 	 Un uomo con una camicia bianca e un cappello da baseball è seduto su una panchina di fronte ad un edificio.
20058 	 Un uomo con una camicia bianca e un cappello da baseball è seduto su una panchina di fronte a un negozio.
14222 	 Un cane che corre in un campo.
2749 	 Un uomo con una camicia bianca e un cappello da baseball si trova di fronte a un gruppo di persone.
29156 	 Un uomo con una camicia rossa e un cappello da baseball è seduto su una roccia vicino ad un albero.
22712 	 Un cane che nuota in acqua.
12275 	 Un uomo con un cappello da baseball e una camicia bianca è seduto su una panchina di fronte a un ristorante.
21639 	 Un uomo in camicia bianca e pantaloni neri cammina per una strada della città.
28046 	 Un uomo con gli occhiali da sole e un cappello da baseball si trova di fronte a un gruppo di persone.
10266 	 Una donna con i capelli biondi e gli occhiali da sole sorride.
15710 	 Un uomo suona la chitarra e canta.
13943 	 Un uomo e una donna stanno camminando per strada.
10363 	 Un uomo e una donna sono seduti a un tavolo a mangiare.
29086 	 Un gruppo di ciclisti che corrono su una pista.
6043 	 Un uomo e una donna che giocano a calcio su un campo.
27001 	 Un giocatore di basket con un'uniforme bianca sta distruggendo la palla.
25205 	 Un gruppo di persone che camminano per strada.
14938 	 Un uomo che fa surf su una tavola da surf.
4561 	 Un uomo suona la chitarra e canta.
16526 	 Una macchina da corsa sta correndo lungo la strada.
7330 	 Un uomo in camicia bianca e pantaloni neri che cammina per strada.
1616 	 Un uomo con una camicia blu e un cappello da baseball è seduto su una panchina di fronte ad un edificio.
1716 	 Un uomo con una camicia bianca e un cappello bianco è seduto su una panchina di fronte ad un edificio.
8194 	 Un gruppo di persone sedute intorno a un tavolo a mangiare.
17592 	 Un uomo in camicia bianca e pantaloni neri sta giocando a tennis.
4077 	 Un gruppo di persone che camminano lungo una strada affollata.
15129 	 Un uomo con il casco sta guidando una bicicletta sporca su un sentiero sporco.
30420 	 Un uomo in camicia bianca e pantaloni neri sta facendo un salto in aria.
5304 	 Un uomo e una donna in posa per una foto.
27381 	 Una donna con una camicia rossa e una gonna nera sta facendo una foto.
10458 	 Un gruppo di persone che giocano a calcio in spiaggia.
19544 	 Un gruppo di persone che camminano per strada.
25077 	 Un uomo con una camicia bianca e un cappello da baseball è seduto su una panchina di fronte ad un edificio.
28191 	 Due bambini che giocano in un parco giochi.
20853 	 Un uomo con una camicia rossa e dei pantaloni neri si trova di fronte a una folla.
14913 	 Un uomo in camicia bianca e pantaloni bianchi sta giocando a calcio.
28209 	 Un gruppo di persone sedute a un tavolo a mangiare. <end>
6767 	 Un uomo con un cappello rigido sta lavorando su un tetto.
15596 	 Un uomo con una camicia bianca e un cappello bianco è seduto su una panchina di fronte a un muro di mattoni.
10885 	 Un uomo e una donna stanno parlando con un uomo che indossa una maglietta blu a maniche corte.
11541 	 Un uomo e una donna in posa per una foto.
3203 	 Un uomo in camicia bianca e pantaloni neri cammina per strada.
14065 	 Un giocatore di baseball che cerca di prendere la palla.
30999 	 Un uomo con una camicia rossa e un cappello da baseball è seduto su una panchina di fronte ad un edificio.
16469 	 Una donna con una camicia bianca e un cappello da baseball è seduta su una panchina di fronte ad un albero.
19180 	 Un uomo con una camicia bianca e un cappello da baseball si trova di fronte a un gruppo di persone.
16679 	 Un uomo con una camicia bianca e un cappello da baseball è seduto su una sedia a rotelle in un ristorante.
8405 	 Un bambino che gioca con una palla da calcio.
681 	 Un uomo e una donna che giocano a calcio.
30658 	 Un gruppo di persone che camminano per strada.
19618 	 Un bambino che gioca in un parco giochi.
20736 	 Una donna con una camicia bianca e pantaloni neri cammina per strada.
17683 	 Un gruppo di persone che si esibiscono in un gruppo.
15291 	 Un gruppo di persone che camminano per strada.
24905 	 Un gruppo di persone che camminano su una spiaggia rocciosa.
15574 	 Una donna in camicia bianca e pantaloni neri cammina per strada.
22003 	 Un gruppo di persone che camminano per strada.
7974 	 Un uomo e una donna sono seduti su una roccia vicino a un lago.
7608 	 Un grande gruppo di persone che camminano in una strada affollata.
7979 	 Un uomo e una donna in posa per una foto.
29215 	 Un gruppo di bambini che giocano nella neve.
26389 	 Una donna in camicia bianca e pantaloni neri si sta lavando i denti.
25811 	 Un gruppo di persone si riunisce in un bar. <end> <end>
12895 	 Un uomo e una donna che fanno escursioni in montagna.
6318 	 Un gruppo di persone che camminano per strada.
12811 	 Un uomo e una donna sono seduti a un tavolo a bere.
27399 	 Un uomo con una camicia blu e un cappello bianco è seduto su una panchina di fronte a un muro di mattoni.
5274 	 Un uomo con una camicia bianca e un cappello da baseball è seduto su una panchina di fronte ad un edificio.
11244 	 Un uomo con una camicia blu e un cappello da baseball è seduto su una panchina di fronte ad un edificio.
13325 	 Un ragazzo con una maglietta blu sta giocando a un gioco di carnevale.
12399 	 Un uomo e una donna sono seduti su una panchina.
17216 	 Un uomo e una donna in posa per una foto.
19165 	 Un ragazzo con una maglietta blu sta giocando a tennis.
10321 	 Un gruppo di persone sedute intorno a un tavolo a mangiare.
13978 	 Una donna con una maglietta blu e un cappello da baseball è in piedi su una roccia in un parco.
22936 	 Un uomo con una camicia bianca e un cappello da baseball è seduto su una panchina a leggere un giornale.
23606 	 Un uomo con una camicia bianca e un cappello da baseball è seduto su una panchina di fronte a un negozio.
11208 	 Un uomo con una camicia rossa e un cappello da baseball è seduto su una panchina di fronte a un muro di mattoni.
24755 	 Un uomo con una camicia bianca e jeans blu è seduto su una panchina di fronte a un muro di mattoni.
8777 	 Un grande gruppo di persone si riunisce in un parco.
3115 	 Una donna con gli occhiali da sole e una giacca di pelle nera sta parlando al cellulare.
9280 	 Un giocatore di baseball con un'uniforme bianca e nera sta cercando di colpire la palla.
20401 	 Un uomo con una camicia bianca e un cappello da baseball è seduto su una panchina di fronte a un negozio.
3836 	 Un uomo che fa surf su una tavola da surf.
27508 	 Un uomo con una camicia rossa e un cappello da baseball è seduto su una panchina del parco.
1351 	 Una donna con i capelli biondi è seduta a un tavolo in un ristorante.
29281 	 Due ragazzi che giocano a calcio.
17885 	 Un cane nero che corre sulla neve.
13285 	 Un uomo che suona la chitarra e canta.
29789 	 Un uomo con il casco rosso sta guidando una bicicletta.
2283 	 Un uomo con una camicia bianca e un cappello da baseball si trova di fronte ad un edificio.
12280 	 Un uomo è seduto su una panchina a leggere un libro.
21237 	 Un uomo e una donna sono in spiaggia.
17835 	 Un gruppo di persone che camminano per strada.
3304 	 Un gruppo di persone che camminano per strada. <end>
5387 	 Un uomo con una camicia bianca e un cappello da baseball è seduto su una panchina di fronte ad un edificio.
18854 	 Un gruppo di persone che camminano per strada.
5162 	 Un uomo con una camicia nera e un cappello da baseball è seduto su una sedia a rotelle. <end> <end>
14861 	 Un uomo con una camicia bianca e un cappello da baseball è seduto a un tavolo a bere una birra.
25907 	 Un bambino con i capelli biondi che indossa una maglietta blu a maniche lunghe e un cappello da baseball è seduto su una sedia.
11680 	 Un gruppo di persone si trova di fronte a un muro di mattoni.
23322 	 Un uomo con gli occhiali da sole e un cappello da baseball si trova di fronte a un muro di mattoni.
6171 	 Un uomo e una donna sono seduti su una panchina di fronte a un corpo d'acqua.
24232 	 Un uomo in camicia bianca e pantaloni neri cammina su una strada di mattoni. <end> <end> <end>
27204 	 Un gruppo di persone che camminano per strada.
27987 	 Un uomo con una camicia bianca e un cappello bianco è seduto su una panchina di fronte ad un edificio.
15989 	 Un uomo è seduto su una panchina di fronte ad un edificio.
7723 	 Un gruppo di persone che camminano per strada.
28990 	 Un uomo e una donna sono seduti su una panchina. <end>
13114 	 Un uomo con una camicia bianca e un cappello bianco è seduto su una panchina di fronte ad un edificio.
16531 	 Una macchina da corsa sta correndo lungo la strada.
12968 	 Un uomo con un cappello da cowboy guida un cavallo marrone.
11497 	 Un gruppo di persone che camminano per strada.
23998 	 Un uomo con una camicia rossa e un cappello da baseball è in piedi accanto a una donna con una maglietta bianca e jeans blu.
22738 	 Un uomo con una camicia bianca e un cappello bianco è seduto su una panchina di fronte ad un edificio.
29637 	 Due cani che giocano nella neve.
26756 	 Un uomo con un cappello e una camicia rossa sta scalando un albero. <end>
25866 	 Un uomo con un cappello e una camicia blu è seduto su una panchina di fronte ad un edificio.
3375 	 Un gruppo di persone che camminano per strada.
24877 	 Un uomo con una maglietta blu e un cappello da baseball è seduto su una panchina del parco. <end> <end>
29964 	 Un uomo con il casco sta guidando una bicicletta su una strada sterrata.
19804 	 Un uomo con un cappello da cowboy e un cappello da cowboy sta guidando un cavallo marrone.
5553 	 Un gruppo di persone che camminano su una spiaggia rocciosa.
3529 	 Un bambino che gioca con una palla da calcio.
16709 	 Un bambino con una maglietta blu e dei pantaloni blu sta giocando con una palla da calcio.
12018 	 Un uomo con gli occhiali da sole e un cappello da baseball si trova di fronte a un gruppo di persone.
3960 	 Un uomo e una donna sono seduti a un tavolo a mangiare.
11293 	 Un ragazzo con una maglietta blu e jeans blu è in piedi su una roccia vicino a un lago.
6055 	 Un giocatore di calcio che corre con la palla.
27887 	 Due giocatori di calcio che giocano a calcio.
20284 	 Un uomo e una donna in posa per una foto.
1892 	 Un gruppo di persone che camminano per strada.
28836 	 Uno sciatore che scia su una montagna innevata.
4486 	 Un cane che nuota in acqua.
27217 	 Due uomini che giocano a basket in una palestra.
4054 	 Un uomo e una donna stanno camminando in una strada affollata.
3681 	 Una ragazza con i capelli biondi e gli occhiali da sole sorride.
19548 	 Una donna in camicia rossa e pantaloni neri si trova di fronte a un muro di mattoni.
15547 	 Un grande gruppo di persone si riunisce in una stanza piena di persone.
6791 	 Un bambino con una maglietta blu e dei pantaloni blu è in piedi su una roccia in un parco.
17713 	 Un uomo che suona la chitarra e canta.
3434 	 Un uomo e una donna sono seduti su una panchina di fronte ad un albero.
17475 	 Un uomo con una camicia rossa e un cappello da baseball è seduto su una panchina di fronte a un ristorante.
25355 	 Due ragazzi che giocano a calcio.
1995 	 Un uomo con una camicia bianca e un cappello da cowboy sta guidando una bicicletta per strada.
29589 	 Un uomo che suona la chitarra e canta.
17598 	 Due giocatori di hockey che giocano a hockey.
8107 	 Un cane nero e un cane marrone che giocano in un campo.
16650 	 Un uomo con una camicia bianca e un cappello bianco è seduto su una panchina di fronte a un muro di mattoni.
1293 	 Un gruppo di persone che camminano in un campo.
25363 	 Un uomo e una donna sono seduti a un tavolo in un ristorante. <end>
16799 	 Un uomo è seduto su una roccia vicino ad un albero.
11929 	 Un uomo che suona la chitarra e canta.
2274 	 Un uomo con una camicia rossa e dei pantaloni neri è in piedi su una montagna innevata.
4768 	 Una donna in camicia rossa sta guardando un bambino che dorme.
4141 	 Un uomo e una donna in posa per una foto.
17892 	 Un uomo sta guidando una bicicletta su una strada sterrata.
9895 	 Un bambino con una maglietta blu e un cappello da baseball è seduto su una sedia.
26295 	 Uno sciatore che scia su una montagna innevata.
2388 	 Un uomo con gli occhiali da sole e un cappello da baseball si trova di fronte a un muro di mattoni.
6049 	 Un giocatore di tennis che si prepara a lanciare la palla.
11827 	 Un uomo con una camicia bianca e un cappello da baseball è seduto su una panchina di fronte ad un edificio.
12903 	 Un gruppo di persone che camminano in una strada affollata. <end> <end>
25154 	 Due bambini che giocano con un giocattolo.
9758 	 Un cane nero e un cane marrone che giocano in un campo.
6257 	 Un uomo e una donna sono seduti su una panchina del parco. <end> <end>
5204 	 Un uomo con una camicia rossa e un cappello da baseball è seduto su una panchina di fronte ad un edificio.
100 	 Un gruppo di persone che si esibiscono in un gruppo.
22818 	 Un uomo con una camicia rossa e un cappello da baseball è seduto su una panchina di fronte ad un edificio.
10244 	 Una donna con i capelli biondi e gli occhiali da sole sorride.
6992 	 Un uomo in camicia bianca e pantaloni neri cammina lungo un sentiero di pietra.
11727 	 Un uomo con una camicia bianca e un cappello da baseball è seduto su una panchina di fronte ad un edificio.
15296 	 Un uomo con una camicia rossa e dei pantaloni neri sta facendo una foto.
2522 	 Un uomo con una camicia bianca e un cappello da baseball è in piedi accanto a una donna che indossa una maglietta blu.
20146 	 Un uomo con una camicia blu e un cappello da baseball è seduto su una panchina di fronte ad un edificio.
1532 	 Un cane salta in aria per prendere una palla.
18047 	 Un uomo e una donna stanno camminando per strada.
23945 	 Una ragazza con un vestito rosa e un cappello da baseball si trova di fronte a un gruppo di persone.
27717 	 Un giocatore di tennis che si prepara a lanciare la palla.
18956 	 Un gruppo di persone che si esibiscono in un gruppo.
23889 	 Un uomo in camicia bianca e pantaloni neri sta facendo un salto in aria.
25006 	 Un uomo e una donna sono seduti su una panchina del parco. <end> <end>
6425 	 Un gruppo di persone che camminano per strada.
14210 	 Un uomo che fa un trucco in aria su una rampa.
26632 	 Un uomo che suona la chitarra e canta.
20098 	 Un gruppo di persone che camminano per strada.
17926 	 Un bambino con una maglietta blu e un cappello da baseball è seduto su una sedia.
28918 	 Un gruppo di giocatori di calcio che giocano a calcio.
1754 	 Un uomo con una maglietta blu e un cappello da baseball è in piedi su una barca in acqua.
17027 	 Un uomo e una donna sono seduti su una panchina in un parco. <end>
843 	 Un gruppo di persone che camminano per strada.
1182 	 Un cane bianco e nero che salta in un lago.
4860 	 Un uomo con una camicia bianca e un cappello da baseball è seduto su una panchina di fronte a un muro di mattoni.
13670 	 Un gruppo di persone che si esibiscono in un gruppo.
20198 	 Un uomo in camicia bianca e pantaloni neri cammina per una strada della città.
12879 	 Un grande gruppo di persone si riunisce in una piazza della città.
21482 	 Un uomo e una donna sono seduti su una panchina di fronte ad un edificio.
1209 	 Un cane bianco e nero che gioca con una palla da calcio.
18952 	 Un uomo con una camicia bianca e un cappello da cowboy che suona la chitarra.
19743 	 Un uomo con una camicia bianca e pantaloni neri cammina per una strada della città.
29979 	 Un uomo con una camicia blu e un cappello da baseball è seduto su una sedia a rotelle in un ristorante.
1782 	 Un ragazzo con una maglietta blu sta saltando su un trampolino.
20138 	 Un uomo con una maglietta blu e un cappello da baseball è seduto su una panchina del parco. <end> <end>
11190 	 Un uomo che suona la chitarra e canta.
608 	 Due cani corrono attraverso l'erba. <end> <end>
19629 	 Un uomo con una camicia bianca e un cappello da baseball è seduto su una panchina di fronte a un negozio.
18700 	 Un uomo con una camicia bianca e un cappello da baseball è seduto su una sedia a rotelle in un ristorante.
5073 	 Un uomo in camicia blu sta cucinando in cucina.
29839 	 Un gruppo di persone che camminano in un parco.
28800 	 Un gruppo di persone si riunisce intorno a un tavolo.
13788 	 Un uomo con il casco sta guidando una bicicletta su una strada sterrata.
29365 	 Un giocatore di basket sta cercando di prendere la palla.
25199 	 Un uomo e una donna sono seduti su una panchina. <end>
22736 	 Un uomo e una donna sono seduti su una panchina in un parco. <end>
16353 	 Un uomo con una camicia bianca e un cappello da baseball è seduto su una panchina di fronte a un negozio.
9862 	 Un uomo e una donna sono seduti su una panchina.
14247 	 Un gruppo di persone che camminano per strada.
25757 	 Un uomo con un cappello e una camicia blu sta guidando una bicicletta.
1212 	 Un uomo è in piedi su una scogliera che guarda l'oceano.
29105 	 Un gruppo di persone che giocano a basket in una palestra.
5950 	 Un cane che corre in un campo erboso.
10436 	 Un gruppo di bambini in posa per una foto.
390 	 Un uomo e una donna in posa per una foto.
26841 	 Un uomo e una donna sono seduti su una panchina. <end>
14743 	 Due bambini che giocano in una fontana.
11424 	 Un uomo con un cappello da cowboy guida un cavallo marrone.
4494 	 Un gruppo di persone che suonano strumenti musicali.
19441 	 Un gruppo di persone che camminano per strada.
30533 	 Un uomo e una donna in posa per una foto.
9907 	 Un gruppo di persone che si arrampicano su un albero.
18630 	 Un uomo e una donna sono seduti a un tavolo a mangiare.
15610 	 Una donna con gli occhiali da sole e una giacca di pelle nera.
13895 	 Un uomo con una camicia bianca e un cappello da baseball è seduto a un tavolo con un bicchiere di birra.
19956 	 Un uomo e una donna sono seduti su una panchina in un parco. <end>
24307 	 Un cane nero e un cane bianco e nero corrono sull'erba. <end>
3566 	 Una donna in camicia bianca e pantaloni neri cammina per strada.
2737 	 Un gruppo di operai edili che lavorano in un cantiere.
13654 	 Un gruppo di ragazze che giocano a basket.
28292 	 Un uomo con una camicia bianca e un cappello bianco è seduto su una panchina di fronte a un muro di mattoni.
17309 	 Un uomo con una giacca blu e un cappello da sci è in piedi su una montagna innevata.
21179 	 Una donna in camicia bianca e pantaloni neri si trova di fronte a un microfono.
15636 	 Una donna in camicia bianca e pantaloni neri si siede su una sedia di fronte a un muro di mattoni.
14258 	 Un cane che nuota in acqua.
17914 	 Un uomo con una maglietta blu e un cappello da baseball sta cucinando in cucina.
24966 	 Un uomo in camicia bianca e pantaloni neri sta facendo un trucco su uno skateboard.
7355 	 Un uomo con una maglietta blu e un cappello da baseball è in piedi su una scogliera che guarda l'oceano.
6977 	 Un ragazzo che nuota in una piscina.
7843 	 Un gruppo di persone si riunisce intorno a un tavolo.
10214 	 Un cane nero e un cane nero che giocano con un giocattolo.
14029 	 Un giocatore di baseball con un'uniforme bianca e nera sta cercando di colpire la palla.
29571 	 Un gruppo di persone che camminano per strada.
3510 	 Un uomo e una donna che camminano per strada. <end>
17041 	 Un gruppo di persone che camminano per strada.
13597 	 Due bambini che giocano in un parco giochi.
5270 	 Un uomo e una donna sono seduti su una panchina di fronte a un corpo d'acqua.
25552 	 Un uomo e una donna sono seduti a un tavolo a mangiare.
3953 	 Un uomo con una camicia rossa e dei pantaloni neri sta giocando a tennis.
10947 	 Due cani corrono in un campo.
26316 	 Un gruppo di persone in piedi su un molo di fronte a un corpo d'acqua.
21128 	 Un uomo con gli occhiali da sole e una maglietta bianca che suona la chitarra.
19942 	 Un uomo e una donna stanno camminando per strada. <end>
25142 	 Un gruppo di persone si riunisce in una stanza piena di persone.
30385 	 Una donna in camicia rossa e un uomo con una camicia rossa e un cappello da cowboy.
19273 	 Un uomo con gli occhiali da sole e un cappello da cowboy si trova di fronte a un microfono. <end>
10084 	 Un cane bianco e nero corre sull'erba.
26578 	 Un uomo con una camicia bianca e un cappello da baseball si trova di fronte a un muro di mattoni.
24808 	 Un uomo con una camicia bianca e jeans blu è seduto su una panchina di fronte ad un edificio. <end>
22455 	 Un uomo che fa surf su una grande onda nell'oceano.
23219 	 Un uomo e una donna camminano per strada.
17956 	 Un grande gruppo di persone si riunisce in un parco.
21513 	 Un gruppo di persone si riunisce in una stanza piena di persone.
14918 	 Un uomo con il casco sta guidando una bicicletta. <end>
28058 	 Un gruppo di persone che si esibiscono in un gruppo.
1081 	 Un ragazzo con una maglietta blu che gioca con una palla da calcio.
18890 	 Un uomo con una camicia bianca e pantaloni neri che suona la chitarra.
6890 	 Un uomo in camicia rossa sta guidando una bicicletta sporca su una collina.
4808 	 Un uomo con una camicia bianca e un cappello da baseball è seduto su una panchina di fronte ad un edificio.
14842 	 Un uomo con un cappello da cowboy e una donna in camicia bianca stanno camminando per strada.
10871 	 Una persona che fa un trucco in bicicletta su una rampa.
30581 	 Un uomo con un cappello e una camicia bianca è seduto su una panchina di fronte ad un edificio.
25007 	 Un uomo con una maglietta blu e un cappello da baseball è seduto su una panchina del parco.
18504 	 Un giocatore di tennis che si prepara a lanciare la palla.
9724 	 Un cane che corre in un campo.
11710 	 Un uomo e una donna in posa per una foto.
6586 	 Un cane che nuota in acqua.
24960 	 Un uomo con una camicia bianca e un cappello da baseball è seduto su una panchina di fronte ad un edificio.
25903 	 Un uomo e una donna sono seduti a un tavolo a mangiare.
22326 	 Un gruppo di persone che camminano in un campo.
12559 	 Un uomo con una camicia bianca e un apron bianco è seduto a un tavolo a mangiare un panino.
18983 	 Un uomo e una donna sono in piedi su una barca in acqua.
28787 	 Una ragazza con un vestito rosa e un cappello da baseball è seduta su una panchina di legno.
10792 	 Un uomo con una camicia bianca e un cappello da baseball è seduto su una panchina di fronte ad un edificio.
6063 	 Un uomo con una camicia bianca e un cappello da baseball è seduto su una panchina di fronte a un muro di mattoni.
9174 	 Una donna con una maglietta blu e un cappello da baseball sta parlando al cellulare. <end> <end>
27732 	 Un uomo con una camicia bianca e un cappello da baseball è seduto su una panchina di fronte ad un edificio.
9896 	 Un gruppo di persone si riunisce in un parco.
13495 	 Un gruppo di persone che camminano in una strada affollata.
17212 	 Un uomo che suona la chitarra e canta.
30479 	 Un uomo e una donna sono seduti su una roccia vicino a un lago.
422 	 Un gruppo di persone che si arrampicano su un albero.
19731 	 Un gruppo di persone si riunisce in un mercato all'aperto.
6089 	 Un cane bianco e nero corre in un campo.
10221 	 Un uomo e una donna sono seduti a un tavolo a mangiare.
24568 	 Un uomo e una donna stanno camminando in una zona di boschi.
6666 	 Un uomo in camicia bianca e pantaloni neri cammina per strada.
12718 	 Un grande gruppo di persone si riunisce in un campo.
5371 	 Un uomo che fa surf nell'oceano. <end> <end>
10133 	 Un uomo e una donna sono seduti a un tavolo a mangiare.
5516 	 Un giocatore di calcio con un'uniforme bianca e nera sta cercando di colpire la palla.
1162 	 Una donna con i capelli biondi e gli occhiali da sole siede a un tavolo in un ristorante.
24443 	 Un uomo con una camicia bianca e un cappello bianco è seduto su una panchina di fronte ad un edificio.
28121 	 Un gruppo di persone che camminano per strada.
13583 	 Un uomo in camicia bianca e pantaloni neri che gioca a tennis.
7317 	 Un uomo e una donna sono seduti su una panchina. <end>
1145 	 Un gruppo di persone che si esibiscono in un gruppo. <end>
23693 	 Un uomo con una camicia bianca e un cappello da baseball è seduto su una panchina di fronte a un muro di mattoni.
26268 	 Un uomo che suona la chitarra e canta.
22811 	 Un ragazzo che salta su un trampolino.
21336 	 Una ragazza con una maglietta blu e dei pantaloni neri sta giocando a tennis.
17030 	 Un cane bianco e nero con un bastone in bocca che salta su un ostacolo.
22880 	 Un uomo e una donna sono seduti a un tavolo a mangiare.
27921 	 Un gruppo di persone che camminano per strada.
12004 	 Un grande gruppo di persone si riunisce in un parco.
10810 	 Un uomo in camicia bianca e pantaloni neri cammina per una strada della città.
1286 	 Un uomo con una camicia rossa e un cappello da baseball è seduto su una panchina di fronte a un negozio.
22186 	 Un gruppo di persone che camminano su una spiaggia rocciosa.
9496 	 Un uomo e una donna sono seduti su una panchina del parco. <end> <end>
28539 	 Un bambino che gioca con un giocattolo.
27630 	 Un giocatore di baseball che lancia una palla.
1382 	 Una donna con i capelli biondi è seduta su una panchina. <end>
27536 	 Un uomo con una camicia rossa e un casco bianco sta guidando una bicicletta.
14199 	 Un uomo con una camicia rossa e dei pantaloni neri sta giocando a tennis. <end> <end>
29803 	 Un gruppo di persone che giocano a calcio.
12784 	 Un uomo con una maglietta blu e un cappello da baseball è seduto su una sedia.
2324 	 Un cane bianco e nero salta in aria per prendere una palla.
19541 	 Un uomo con una camicia bianca e un cappello da baseball è seduto a un tavolo con un bicchiere di birra.
7421 	 Un uomo con una camicia bianca e un cappello da baseball si trova di fronte a una folla di persone.
22213 	 Un gruppo di persone che camminano per strada.
21308 	 Un uomo in camicia bianca e pantaloni neri sta giocando a tennis.
3493 	 Un gruppo di persone che camminano per strada.
10081 	 Un uomo con un cappello e una camicia bianca sta lavorando su un tetto. <end> <end>
19070 	 Un gruppo di persone sedute a un tavolo a mangiare. <end>
17337 	 Un uomo con un cappello da cowboy e un cappello da cowboy guida un cavallo marrone.
22187 	 Un uomo e una donna sono seduti su una panchina.
7454 	 Un gruppo di persone sedute a un tavolo a mangiare. <end>
25194 	 Un gruppo di persone in piedi su una scogliera che guarda l'oceano.
28721 	 Un uomo con un cappello da baseball è seduto su una panchina del parco. <end> <end>
19969 	 Un uomo con una camicia bianca e un cappello da baseball è in piedi accanto a una donna con una maglietta bianca e jeans blu.
30149 	 Un gruppo di persone che giocano a basket.
257 	 Un uomo sta guidando una bicicletta su una strada sterrata.
3461 	 Un uomo che suona la chitarra e canta.
15582 	 Un uomo con una camicia bianca e pantaloni neri è seduto su una panchina a leggere un libro.
20402 	 Un uomo con una camicia bianca e un cappello da baseball è seduto su una panchina di fronte a un ristorante.
30528 	 Un uomo con una camicia bianca e pantaloni neri cammina per strada.
5680 	 Un gruppo di persone che suonano strumenti musicali.
14898 	 Un gruppo di persone che camminano per strada.
12719 	 Una macchina da corsa sta girando su una pista da corsa.
18959 	 Un uomo e una donna camminano per strada.
15465 	 Un uomo e una donna sono seduti su una panchina.
19485 	 Un uomo e una donna sono seduti su una panchina del parco. <end> <end>
21565 	 Un uomo e una donna sono seduti su una panchina di fronte a un corpo d'acqua.
27606 	 Un uomo con una camicia rossa e un cappello da baseball è in piedi accanto a una donna con una maglietta bianca e jeans blu.
2434 	 Un uomo con un cappello da cowboy e un cappello da cowboy che guida un cavallo.
7228 	 Un bambino con una maglietta blu e dei pantaloni blu è seduto su una roccia in un parco.
27246 	 Un uomo con una camicia blu e un cappello nero è seduto su una panchina di fronte a un muro di mattoni.
24490 	 Una donna con i capelli biondi e una maglietta blu a maniche lunghe si trova di fronte a un microfono.
7283 	 Un uomo con una camicia bianca e pantaloni neri è seduto su una panchina di fronte a un muro di mattoni.
3498 	 Un uomo con una camicia bianca e un cappello da baseball è seduto a un tavolo a bere una birra.
2145 	 Un uomo e una donna stanno camminando per strada.
26609 	 Un uomo e una donna sono seduti su una panchina del parco. <end> <end>
17828 	 Un uomo in piedi su una scogliera che guarda l'oceano.
14686 	 Un gruppo di persone che camminano in una strada affollata.
14430 	 Un gruppo di persone che camminano su una collina innevata.
8507 	 Un uomo che fa surf su una tavola da surf.
15701 	 Un bambino con una maglietta blu e dei pantaloni blu è seduto su una sedia a rotelle.
30971 	 Un uomo con un cappello da cowboy e un cappello da baseball è in piedi su una strada della città.
22642 	 Un uomo e una donna in posa per una foto.
26253 	 Un cane bianco e nero corre sull'erba verde.
28435 	 Un uomo che suona la chitarra e canta.
12446 	 Un uomo con un cappello e una camicia rossa sta scalando un muro di roccia.
9858 	 Un uomo e una donna sono seduti a un tavolo a mangiare.
27394 	 Due operai edili stanno lavorando su un tetto.
21653 	 Un uomo con gli occhiali da sole e un cappello da baseball si trova di fronte ad un edificio.
12137 	 Un gruppo di persone si riunisce in una zona di boschi.
8605 	 Un uomo con un cappello da cowboy e un cappello da cowboy sta guidando un cavallo marrone.
17929 	 Un uomo con gli occhiali da sole e un cappello da baseball è seduto su una sedia.
26483 	 Una donna con i capelli biondi e gli occhiali da sole sorride.
7409 	 Un uomo e una donna sono seduti a un tavolo in un ristorante. <end>
10078 	 Un uomo con una camicia bianca e una cravatta rossa sta cantando al microfono.
9291 	 Un cane bianco e nero che salta su un ostacolo.
22228 	 Un uomo con gli occhiali da sole e un cappello da baseball è seduto a un tavolo con un bicchiere di birra.
16541 	 Un uomo che suona la chitarra e canta.
14303 	 Un uomo con una camicia rossa e dei pantaloni neri sta giocando a tennis.
15633 	 Una donna con i capelli biondi e gli occhiali da sole sorride.
17645 	 Un gruppo di persone che camminano per strada.
16042 	 Un cane bianco e nero che salta in aria per prendere una palla.
26798 	 Un gruppo di persone sedute a un tavolo a mangiare. <end>
3425 	 Un uomo con una camicia rossa e un cappello bianco sta scalando un muro di roccia.
19486 	 Un uomo con una camicia bianca e un cappello da baseball si trova di fronte ad un edificio.
1727 	 Un bambino che gioca con un giocattolo.
18031 	 Un uomo e una donna stanno parlando in un bar. <end>
5752 	 Un uomo con una camicia bianca e un cappello da baseball sta parlando con un uomo con un cappello da baseball e una maglietta blu a maniche lunghe.
21260 	 Un uomo con un cappello da baseball e una camicia bianca è seduto su una panchina di fronte ad un edificio.
24341 	 Un uomo e una donna sono seduti a un tavolo a mangiare.
25033 	 Un uomo con il casco rosso sta guidando una bicicletta.
7016 	 Una ragazzina con una maglietta blu e un cappello da baseball è seduta su una panchina di legno.
1516 	 Un uomo con un cappello e una camicia rossa sta scalando un albero.
20598 	 Un uomo con una camicia bianca e un cappello da cowboy sta guidando una bicicletta.
13796 	 Una donna con una maglietta blu e un cappello da baseball è seduta su una panchina di legno.
14904 	 Un uomo e una donna sono seduti a un tavolo a mangiare.
27171 	 Un uomo con una maglietta blu e un cappello da baseball è seduto a un tavolo in un ristorante.
29436 	 Un gruppo di persone che giocano a basket.
26335 	 Una donna con i capelli neri e una camicia bianca e un cappello da baseball si trova di fronte a un muro di mattoni.
7610 	 Un uomo e una donna sono seduti su una roccia vicino a un lago.
16221 	 Un uomo con una maglietta blu e un cappello da baseball è seduto su una sedia a rotelle. <end>
9380 	 Un uomo con una camicia bianca e un cappello bianco è seduto su una panchina di fronte a un gruppo di persone.
25942 	 Un uomo in bicicletta che fa un trucco su una rampa. <end>
9819 	 Un uomo in muta blu sta nuotando in acqua.
22291 	 Un uomo e una donna stanno parlando in un bar. <end>
23598 	 Un gruppo di persone che camminano per strada.
280 	 Un uomo con una camicia blu e un cappello da baseball è seduto su una roccia vicino a un lago.
13477 	 Un cane che corre in un campo.
26074 	 Un gruppo di persone che camminano per strada.
28076 	 Un gruppo di persone che giocano a calcio.
12483 	 Un uomo con una camicia bianca e pantaloni neri cammina per una strada della città. <end>
26450 	 Uno sciatore che scia su una montagna innevata.
15246 	 Un ragazzo che salta in una piscina.
7151 	 Un cane che nuota in acqua.
4280 	 Un uomo con un cappello e una camicia rossa sta scalando un albero.
28430 	 Un uomo con gli occhiali da sole e una camicia bianca sta parlando al microfono.
7978 	 Un cane nero e un cane bianco e nero corrono sull'erba.
22916 	 Un uomo in camicia bianca e pantaloni neri cammina per una strada della città.
694 	 Un uomo con una camicia bianca e jeans blu è seduto su una panchina del parco. <end> <end> <end> <end>
949 	 Un gruppo di persone che camminano in una strada affollata.
19882 	 Un bambino che indossa una maglietta a strisce bianche e nere e una donna con una maglietta blu a maniche lunghe e jeans blu sono seduti su una panchina.
22099 	 Un uomo con una camicia rossa e un cappello da cowboy che suona la chitarra.
24649 	 Un uomo con una maglietta blu e un cappello da baseball è seduto su una panchina di fronte ad un edificio.
24642 	 Un uomo e una donna stanno camminando per strada.
18760 	 Un uomo con una maglietta blu e un cappello da baseball è seduto su una panchina di fronte ad un edificio.
67 	 Un uomo con un cappello da cowboy e un cappello da cowboy sta guidando un cavallo marrone.
4605 	 Un uomo che suona la chitarra e canta.
10746 	 Un uomo e una donna sono seduti a un tavolo a mangiare.
10364 	 Un uomo e una donna in posa per una foto.
24217 	 Un uomo e una donna sono seduti su una panchina di fronte ad un edificio.
15037 	 Una ragazzina con una maglietta blu e un cappello da baseball è seduta su una panchina di legno.
