8337	 Un uomo con un cappello e una giacca blu sta camminando lungo un sentiero di pietra.
26084	 Un uomo e una donna stanno guidando una bicicletta.
20302	 Un uomo con una camicia bianca e un cappello da baseball è seduto su una panchina a leggere un libro.
14333	 Un giocatore di baseball che lancia la palla.
734	 Un gruppo di persone sta guidando una bicicletta su una strada sterrata.
8079	 Un uomo è seduto su una panchina di fronte ad un edificio.
1117	 Un uomo e una donna sono in spiaggia.
28389	 Un uomo con un cappello da cowboy guida un cavallo marrone.
661	 Un uomo e una donna sono seduti a un tavolo in un ristorante. <end>
2600	 Un gruppo di persone si riunisce in un parco di divertimento.
6486	 Gli operai edili stanno lavorando su un tetto.
20459	 Un uomo e una donna sono seduti a un tavolo in un ristorante.
51	 Un giocatore di tennis che si prepara a lanciare la palla.
24476	 Un uomo e una donna sono seduti su una panchina di fronte ad un edificio.
28767	 Un uomo con un cappello da cowboy guida un cavallo marrone.
18764	 Un uomo con una camicia blu e un cappello da baseball è seduto su una panchina in un parco. <end>
27682	 Un gruppo di persone che giocano a calcio.
15650	 Un uomo in camicia bianca e pantaloni neri sta giocando a tennis.
29754	 Una donna in camicia bianca e pantaloni neri sta giocando a tennis.
17983	 Un uomo in camicia bianca e pantaloni neri sta facendo un salto in aria.
9242	 Un uomo con una camicia bianca e jeans blu è seduto su una panchina di fronte a un muro di mattoni.
520	 Un uomo e una donna stanno parlando in un bar. <end>
15878	 Un uomo e una donna sono in piedi su una spiaggia rocciosa.
25763	 Un uomo è seduto su una panchina di fronte ad un edificio.
20640	 Una donna con i capelli biondi e gli occhiali da sole sorride.
6694	 Un uomo che suona la chitarra e canta.
26806	 Un uomo con un cappello da baseball e una camicia bianca sta lavorando su un tetto.
27817	 Un bambino che gioca con un giocattolo.
15792	 Una bambina che gioca con un giocattolo.
18418	 Un gruppo di persone che camminano per strada.
11400	 Un uomo con gli occhiali da sole e una maglietta blu che tiene in braccio un bambino.
2615	 Un uomo con una camicia rossa e un cappello da baseball è seduto accanto a un uomo con una maglietta bianca e jeans blu.
9673	 Un uomo e una donna sono seduti su una panchina del parco. <end> <end> <end>
10005	 Un bambino che gioca con un giocattolo.
304	 Due bambini che giocano in spiaggia.
28123	 Un uomo e una donna sono seduti a un tavolo a mangiare.
18998	 Un gruppo di persone si riunisce in un parco.
973	 Un ragazzo che nuota in una piscina.
89	 Un gruppo di persone che camminano su un sentiero sporco.
21067	 Un uomo e una donna stanno camminando su una spiaggia rocciosa.
22440	 Un uomo con una camicia bianca e un cappello da baseball è seduto su una panchina di fronte ad un albero.
2803	 Un gruppo di operai edili che lavorano in un cantiere.
22118	 Un uomo con una camicia rossa e dei pantaloni neri è in piedi su una scogliera che guarda l'oceano.
20562	 Una donna con gli occhiali da sole sta parlando al cellulare.
2180	 Un ragazzo con una maglietta bianca e jeans blu è in piedi su un pavimento di legno.
23006	 Un uomo con una camicia blu e un cappello da baseball è seduto su una panchina vicino ad un albero.
4902	 Un uomo con una camicia rossa e un cappello da baseball sta parlando al cellulare. <end>
10666	 Un uomo con un cappello rigido sta lavorando su un tetto.
16992	 Un uomo con un cappello da cowboy e un cappello da cowboy si trova in un campo.
11283	 Due bambini giocano in un parco giochi.
22870	 Un gruppo di persone che camminano per strada.
28582	 Un gruppo di ragazze che giocano a basket.
8015	 Un uomo e una donna che camminano per strada.
615	 Un uomo con una camicia rossa e un cappello da baseball è seduto su una panchina di fronte ad un edificio.
7507	 Un uomo con una camicia bianca e un cappello bianco è seduto su una panchina di fronte a un muro di mattoni.
26411	 Un gruppo di persone sta guidando una bicicletta in un parco.
30201	 Un uomo con il casco rosso sta guidando una bicicletta.
18426	 Un uomo e una donna sono seduti a un tavolo a mangiare.
17497	 Un uomo con una camicia bianca e un cappello da baseball si trova di fronte a un gruppo di persone.
17483	 Una donna con una camicia bianca e un cappello da baseball è seduta su una panchina di fronte a un muro di mattoni.
4041	 Un gruppo di persone si riunisce intorno a un tavolo.
5441	 Due cani corrono in un campo erboso.
21597	 Un uomo con una camicia rossa e un cappello da baseball è in piedi accanto a una donna con un vestito bianco.
25952	 Una donna con una maglietta blu e un cappello da baseball è seduto su una sedia a rotelle.
3774	 Un uomo con una camicia blu e un cappello da baseball è seduto su una panchina di fronte ad un edificio.
22847	 Un gruppo di persone che camminano per strada.
2124	 Un cane marrone con un bastone in bocca.
8362	 Un gruppo di persone che camminano lungo un sentiero di pietra.
2458	 Un uomo che fa surf su una tavola da surf.
222	 Un gruppo di persone sta camminando su una strada sterrata.
23098	 Un gruppo di persone si riunisce in un bar. <end>
5056	 Un uomo con una camicia blu e un cappello da baseball è seduto su una panchina di fronte ad un albero di Natale.
29608	 Un uomo con un cappello da cowboy e un cappello da cowboy sta guidando un cavallo marrone.
25316	 Un uomo con un cappello e una camicia a strisce sta camminando in un campo.
17997	 Un uomo con un cappello e una camicia bianca è seduto su una panchina di fronte ad un edificio.
13417	 Un bambino che gioca in un parco giochi.
26682	 Un uomo che fa surf su una grande onda nell'oceano.
9223	 Un ragazzo con una maglietta blu e un cappello da baseball è in piedi su un campo da calcio.
10788	 Un uomo in camicia blu sta cucinando in cucina.
17669	 Un uomo con una camicia rossa e un cappello da baseball è seduto su una panchina di fronte ad un albero.
26645	 Un ragazzo con una maglietta blu e jeans blu sta saltando su un trampolino.
7542	 Un uomo con un cappello da cowboy e un cappello da cowboy si trova in un campo erboso. <end> <end>
4343	 Un cane bianco e nero che salta in aria per prendere una Frisbee.
16989	 Una donna con i capelli biondi e una camicia bianca sta camminando per strada.
15974	 Un gruppo di persone sedute intorno a un tavolo a mangiare.
15004	 Un giocatore di tennis colpisce la palla in una partita di tennis.
16421	 Un uomo con un cappello e una camicia bianca sta lavorando su un tetto.
6127	 Un uomo con una camicia bianca e un cappello da baseball si trova di fronte a un gruppo di persone.
14434	 Un cane bianco e nero che corre sull'erba. <end> <end>
19247	 Una donna con una camicia rossa e un cappello da baseball si trova di fronte a una folla di persone.
4556	 Un uomo siede su una panchina di fronte a un muro di mattoni.
16395	 Un uomo con un cappello rigido sta lavorando su un tetto.
8054	 Una ragazza con una maglietta rosa e jeans blu che gioca con un giocattolo.
24169	 Un uomo con una camicia bianca e un cappello da baseball è seduto su una panchina di fronte ad un edificio.
18584	 Un gruppo di persone che camminano per strada.
17045	 Un uomo con una camicia rossa e un cappello da baseball è seduto su una panchina del parco. <end> <end>
9803	 Un uomo che fa un trucco in bicicletta su una rampa.
1401	 Un gruppo di persone sta camminando lungo un sentiero di pietra.
15077	 Un giocatore di football che corre con la palla.
19373	 Un uomo e una donna che camminano per strada.
13543	 Un cane bianco e marrone sta giocando con un giocattolo.
14974	 Un gruppo di persone che indossano magliette bianche e pantaloni neri in posa per una foto.
17338	 Una donna con una camicia bianca e un cappello bianco sta camminando su una spiaggia rocciosa.
2410	 Un uomo con una camicia bianca e un cappello da baseball è seduto a un tavolo con un bicchiere di birra.
7639	 Una donna con i capelli biondi e gli occhiali da sole è seduta a un tavolo in un ristorante.
2572	 Un uomo in camicia bianca e pantaloni neri sta giocando a tennis.
2130	 Un cane bianco e nero che salta su un ostacolo. <end> <end>
16810	 Un bambino con i capelli biondi che indossa una camicia rossa e dei pantaloni neri si sta mettendo in posa per la telecamera.
14042	 Un bambino che indossa una maglietta blu e dei pantaloni blu è seduto su una panchina del parco.
19174	 Un uomo con una camicia bianca e jeans blu è seduto su una panchina di fronte ad un edificio.
887	 Un cane bianco e marrone che gioca con un giocattolo.
17978	 Un gruppo di uomini che giocano a basket.
6008	 Un uomo e una donna sono seduti su una panchina in un parco. <end>
1072	 Un uomo con un cappello da cowboy e un cappello da cowboy sta guidando un cavallo marrone.
5701	 Un uomo con una camicia bianca e pantaloni neri è in piedi su una scogliera che guarda l'oceano.
16063	 Un uomo con un cappello rigido sta lavorando su un tetto.
17533	 Un uomo e una donna sono seduti a un tavolo a mangiare.
17510	 Un uomo con un cappello e una camicia bianca sta lavorando su un tetto.
24315	 Un uomo e una donna stanno guidando una bicicletta.
22341	 Un uomo con una camicia rossa e un cappello da baseball è seduto su una panchina di fronte ad un albero.
472	 Un ragazzo che gioca a calcio.
27495	 Un uomo e una donna stanno guidando una moto.
22651	 Un uomo con una camicia bianca e un cappello da baseball si trova di fronte a un gruppo di persone.
29830	 Un giocatore di tennis che indossa una maglietta bianca e dei pantaloni bianchi sta giocando a tennis.
23099	 Un gruppo di persone sedute a un tavolo a mangiare. <end>
30549	 Un ragazzo con una maglietta bianca e jeans blu sta giocando a tennis.
23758	 Un uomo e una donna sono seduti su una panchina del parco. <end> <end>
30105	 Un uomo con il casco sta guidando una bicicletta su una strada sterrata.
20656	 Un uomo in camicia bianca e pantaloni neri che salta su un trampolino.
9911	 Un uomo con una camicia bianca e un cappello da baseball è seduto su una panchina di fronte ad un albero.
9342	 Un uomo che fa un trucco su una rampa.
17202	 Un uomo con una camicia bianca e un cappello da baseball si trova di fronte a una folla di persone.
5327	 Un uomo e una donna sono seduti su una panchina del parco. <end> <end>
133	 Un gruppo di persone in piedi su una montagna ricoperta di neve.
8185	 Un ragazzo con una maglietta bianca e jeans blu sta giocando a tennis.
22098	 Un uomo sta guidando una bicicletta su una strada sterrata.
16416	 Un giocatore di basket sta cercando di prendere la palla.
24777	 Un uomo con una camicia rossa e un cappello da cowboy che suona la chitarra.
10242	 Un gruppo di persone si riunisce intorno a un tavolo.
13170	 Due giocatori di hockey che giocano a hockey sul ghiaccio.
13916	 Una donna in camicia bianca e pantaloni neri sta giocando a tennis.
1594	 Un gruppo di persone che camminano per strada.
30843	 Un uomo con un cappello da cowboy e un cappello da cowboy si trova di fronte a un gruppo di persone.
4942	 Un bambino con una maglietta blu e un cappello da baseball è seduto su una sedia.
11624	 Un gruppo di persone che camminano in un parco.
30065	 Un uomo e una donna sono seduti a un tavolo a mangiare.
8280	 Un uomo con una camicia bianca e un cappello da baseball è seduto a un tavolo in un ristorante. <end>
9531	 Un giocatore di basket sta cercando di prendere la palla.
9609	 Un gruppo di persone si riunisce in un parco.
17750	 Un uomo e una donna sono seduti su una panchina del parco. <end> <end> <end>
24545	 Un uomo con una camicia bianca e un cappello da baseball è seduto su una panchina di fronte a un negozio.
10920	 Un uomo che fa un trucco in bicicletta su una rampa.
13302	 Un uomo e una donna sono seduti su una panchina. <end>
20934	 Un gruppo di persone che camminano su una spiaggia rocciosa.
22860	 Un uomo con il casco sta guidando una bicicletta sporca su un sentiero sporco.
28246	 Un uomo con una giacca blu e un cappello da sci è in piedi su una montagna innevata.
23115	 Una donna in bikini che nuota in una piscina.
30111	 Una donna con una camicia rossa e una gonna nera sta facendo una foto.
16070	 Un pilota di auto da corsa sta guidando una moto rossa su una pista da corsa.
19162	 Un gruppo di persone che camminano per strada.
30664	 Un uomo con un cappello da cowboy guida un cavallo marrone.
23345	 Un uomo con una camicia rossa e un cappello da baseball sta parlando al microfono.
5160	 Un cane bianco e nero che salta in aria per prendere una Frisbee.
3162	 Un uomo con una camicia bianca e un cappello da baseball sta parlando con un uomo con una camicia bianca e un cappello nero.
19037	 Un bambino con una maglietta blu e dei pantaloni blu è seduto su una sedia a rotelle.
28139	 Un uomo e una donna che camminano per strada. <end>
5947	 Un cane nero e un cane marrone che giocano in un campo.
12084	 Un uomo e una donna sono seduti su una panchina. <end>
6067	 Una ragazzina con un cappello rosa e una maglietta blu sta giocando a un gioco di carnevale.
318	 Un uomo e una donna sono seduti a un tavolo a mangiare.
8528	 Un uomo con una camicia bianca e un cappello da baseball si trova di fronte a un gruppo di persone.
6661	 Un uomo e una donna sono in piedi su una strada di mattoni.
11363	 Un gruppo di musicisti suona sul palco.
28923	 Un giocatore di baseball che si prepara a lanciare la palla.
24535	 Due cani corrono in un campo.
1610	 Un uomo e una donna sono seduti a un tavolo a mangiare.
3087	 Un uomo e una donna stanno guidando una bicicletta.
4367	 Un uomo con una camicia rossa e un cappello da baseball è in piedi accanto a una donna con un vestito bianco.
3109	 Un uomo con una camicia bianca e un cappello da baseball è seduto su una panchina di fronte a un gruppo di persone.
22163	 Una donna con una camicia rossa e un cappello da baseball è seduta su una panchina a leggere un libro.
6005	 Un uomo e una donna sono seduti su una panchina.
2103	 Una ragazza che nuota in piscina.
16458	 Un gruppo di bambini che giocano in un parco giochi. <end>
12305	 Un uomo e una donna che camminano per strada. <end>
11137	 Un bambino con una maglietta blu e dei pantaloni blu è seduto su una sedia a rotelle.
26922	 Un uomo che fa un trucco in bicicletta su una rampa.
21696	 Un uomo sta guidando una bicicletta su una strada sterrata.
17615	 Un giocatore di football che corre con la palla.
26998	 Un uomo con una camicia blu e un cappello da baseball è seduto su una panchina di fronte ad un edificio.
10376	 Un gruppo di persone si riunisce intorno ad un albero di Natale.
12417	 Un gruppo di persone che camminano in un parco. <end>
27726	 Due uomini che giocano a calcio.
22387	 Un uomo con una camicia bianca e un cappello da baseball si trova di fronte ad un edificio. <end> <end>
24425	 Un uomo con una maglietta blu sta guidando una bicicletta.
12441	 Un uomo con un cappello da cowboy sta guidando un cavallo marrone. <end>
7874	 Un uomo con una camicia bianca e un cappello da baseball è seduto a un tavolo in un ristorante.
9013	 Un uomo con una camicia bianca e un cappello da baseball è seduto a un tavolo in un ristorante.
14841	 Un uomo con una camicia bianca e un cappello da baseball si trova di fronte a un muro di mattoni.
8611	 Un uomo con una camicia rossa e un cappello da baseball è seduto su una panchina del parco. <end> <end>
4801	 Un uomo con un cappello rigido sta lavorando su un tetto.
1196	 Una ragazzina con una maglietta blu sta mangiando un panino.
9572	 Un giocatore di baseball con un'uniforme bianca e nera sta per lanciare la palla.
12366	 Un ragazzo con una maglietta blu e dei pantaloni blu è in piedi su una roccia in un parco.
26142	 Una donna con gli occhiali da sole e un cappello da baseball è in piedi accanto a un muro di mattoni.
28026	 Due uomini che giocano a basket in una palestra.
21335	 Una donna in camicia bianca e pantaloni neri cammina per strada.
23351	 Un uomo e una donna in posa per una foto.
21778	 Un uomo sta scalando una montagna rocciosa.
13197	 Un uomo con una camicia bianca e un cappello da baseball è seduto a un tavolo in un ristorante.
8427	 Un cane che nuota in acqua.
14260	 Un uomo con una camicia bianca e un cappello da baseball è seduto su una panchina di fronte ad un edificio.
24974	 Un gruppo di persone che suonano strumenti musicali.
12927	 Un cane bianco e nero con un bastone in bocca. <end> <end>
27863	 Un gruppo di persone sedute intorno a un tavolo a mangiare.
30503	 Un giocatore di basket in bianco sta cercando di prendere la palla.
17903	 Un bambino con una maglietta blu e dei pantaloni neri sta guidando una bicicletta.
4007	 Un bambino che gioca con un giocattolo.
17376	 Un uomo e una donna sono seduti a un tavolo a mangiare.
2906	 Un gruppo di persone in piedi su una montagna ricoperta di neve.
19772	 Un gruppo di persone che camminano per strada.
22554	 Un uomo e una donna sono seduti su una panchina. <end>
18723	 Un cane marrone e un cane nero che giocano con una palla rossa.
10925	 Un ragazzo con una maglietta blu e dei pantaloni neri sta saltando su un trampolino.
7631	 Un gruppo di persone che camminano per strada.
10088	 Un uomo con un cappello da cowboy e un cappello da cowboy sta guidando una bicicletta.
22835	 Un uomo con una camicia bianca e un cappello bianco è seduto su una panchina di fronte ad un edificio.
15020	 Un cane nero e un cane marrone che giocano in un campo.
29480	 Un uomo che suona la chitarra e canta.
4881	 Un gruppo di persone che camminano su un sentiero sporco.
24863	 Un gruppo di persone che camminano per strada. <end>
15412	 Un ragazzo in camicia rossa sta scalando un albero.
10287	 la strada.
6830	 Un gruppo di persone che camminano per strada. <end>
22594	 Un cane nero e un cane nero che giocano con una palla rossa.
219	 Una ragazza con una maglietta blu e un cappello da baseball è seduta su una panchina di legno.
2955	 Un uomo con una camicia bianca e un cappello da baseball è seduto su una panchina di fronte ad un edificio.
10732	 Un uomo con una camicia blu e un cappello da baseball è seduto su una panchina di fronte ad un edificio.
11466	 Un giocatore di basket sta cercando di prendere la palla.
2412	 Un uomo con una camicia bianca e un cappello da baseball è seduto su una panchina di fronte a un muro di mattoni.
30660	 Un cane bianco e nero con un bastone in bocca.
6549	 Un uomo con un cappello da baseball e una maglietta blu sta parlando con un altro uomo con un cappello da baseball e una maglietta bianca.
14570	 Un uomo con gli occhiali da sole e un cappello da baseball è seduto a un tavolo con un bicchiere di birra.
26366	 Un uomo e una donna sono seduti su una panchina di fronte ad un edificio.
8740	 Un uomo e una donna sono seduti a un tavolo a mangiare.
23107	 Un uomo e una donna sono seduti su una panchina del parco. <end> <end>
1044	 Un uomo con una camicia rossa e dei pantaloni neri sta facendo un salto in aria.
19075	 Un uomo e una donna sono seduti a un tavolo a mangiare.
14582	 Un uomo con una camicia bianca e un cappello da baseball è seduto a un tavolo con un bicchiere di birra.
21498	 Un gruppo di persone che camminano per strada.
9519	 Un uomo in camicia bianca e pantaloni neri cammina per strada.
15219	 Un uomo che fa un salto in aria su una rampa.
16938	 Un uomo e una donna sono seduti su una panchina. <end>
6376	 Un uomo con un cappello da cowboy guida un cavallo marrone.
19471	 Un uomo in camicia bianca e pantaloni neri cammina per una strada della città.
16191	 Una donna in camicia rossa sta guidando una bicicletta per strada.
22389	 Una donna con una camicia rossa e un cappello da baseball è seduta su una panchina di fronte ad un edificio.
19263	 Un giocatore di calcio che corre con la palla.
15309	 Un uomo con gli occhiali da sole e una camicia nera suona la chitarra.
748	 Un gruppo di persone che giocano a basket.
1023	 Un uomo con una camicia bianca e un cappello da baseball si trova di fronte a una folla di persone.
17655	 Un uomo e una donna sono seduti a un tavolo in un ristorante.
6250	 Un uomo che fa surf su una tavola da surf.
29636	 Un uomo con una camicia bianca e un cappello da baseball è seduto su una panchina di fronte a un muro di mattoni.
21725	 Un gruppo di persone che camminano per strada.
3082	 Un uomo con un cappello e una camicia blu è seduto su una panchina di fronte a un muro di mattoni.
23827	 Un uomo con una camicia rossa e un cappello da baseball è seduto su una panchina del parco. <end> <end>
5261	 Un uomo in camicia bianca sta cucinando in cucina.
20457	 Una ragazza con una maglietta bianca e un cappello da baseball è seduta su una sedia.
26446	 Un uomo con un cappello e una camicia bianca sta lavorando su un tetto.
26050	 Un uomo con un cappello da cowboy e un cappello da cowboy sta guidando un cavallo marrone.
14796	 Un gruppo di persone che camminano per strada.
19523	 Un uomo con un cappello rigido sta lavorando su un tetto.
12853	 Un uomo e una donna sono seduti su una panchina in un parco. <end>
28063	 Un bambino con una maglietta blu e dei pantaloni blu sta giocando con una palla da calcio.
11939	 Un giocatore di baseball che gioca a calcio.
23957	 Un ragazzo con una maglietta blu sta saltando su un trampolino.
246	 Un uomo con una camicia bianca e un cappello da baseball è seduto a un tavolo in un ristorante.
24517	 Un uomo con un cappello da cowboy guida un cavallo marrone.
9492	 Un uomo con una camicia bianca e un cappello da baseball è in piedi su un molo di fronte a un corpo d'acqua.
9978	 Un uomo con una camicia bianca e un cappello bianco è seduto su una panchina di fronte a un muro di mattoni.
1390	 Un uomo con una camicia bianca e un cappello da baseball sta giocando a un gioco di carnevale.
4882	 Un ragazzo con una maglietta blu sta giocando con una palla da calcio.
29508	 Un giocatore di tennis colpisce la palla in una partita di tennis.
29952	 Un uomo con una camicia rossa e un cappello da cowboy sta guidando una bicicletta per strada.
25376	 Un giocatore di tennis che si prepara a lanciare la palla.
14558	 Un uomo e una donna sono seduti su una panchina. <end>
20891	 Un gruppo di persone che giocano a calcio.
137	 Gli operai edili stanno lavorando su un tetto.
25479	 Un giocatore di football che corre con la palla.
5881	 Un uomo con una camicia rossa e un cappello da baseball è seduto su una panchina di fronte a un microfono.
13724	 Un uomo con una camicia blu e un cappello da baseball è seduto su una panchina in un parco. <end>
14495	 Un uomo e una donna sono seduti su una panchina.
7921	 Un uomo e una donna che camminano per strada.
2044	 Un uomo e una donna stanno camminando su una spiaggia rocciosa.
27988	 Un uomo con una camicia bianca e un cappello da baseball è seduto su una panchina di fronte a un muro di mattoni.
20005	 Un uomo e una donna sono seduti su una panchina in un parco. <end>
13516	 Un cane nero e un cane nero che giocano con una palla rossa.
30943	 Un uomo in piedi su una roccia che guarda l'oceano.
28570	 Un uomo e una donna in posa per una foto.
12475	 Un uomo con una camicia bianca e un cappello da baseball si trova di fronte ad un edificio.
26407	 Un uomo e una donna sono seduti a un tavolo a mangiare.
18994	 Un uomo con gli occhiali da sole e un cappello da baseball è seduto su una panchina di fronte a un muro di mattoni.
13580	 Un giocatore di tennis che indossa una maglietta bianca e dei pantaloni bianchi sta giocando a tennis.
29177	 Una persona che fa snowboard su una montagna ricoperta di neve.
5807	 Un uomo con una camicia blu e un cappello da baseball è seduto su una panchina di fronte ad un albero.
2433	 Un uomo con una camicia bianca e un cappello da baseball è seduto a un tavolo in un ristorante.
4452	 Un uomo con gli occhiali da sole e un cappello da cowboy si trova di fronte a un gruppo di persone.
4317	 Un uomo con una camicia rossa e un cappello da baseball è seduto su una panchina di fronte ad un edificio.
16004	 Un giocatore di football che corre con la palla.
28966	 Un uomo con una camicia rossa e dei pantaloni blu è in piedi su una roccia in un parco giochi.
8486	 Un cane nero e un cane nero che giocano con un giocattolo verde.
9885	 Un uomo e una donna sono seduti su una panchina del parco.
23065	 Un bambino che gioca con una palla da calcio.
19435	 Un uomo con una camicia bianca e un cappello da baseball è seduto a un tavolo con un bicchiere di birra.
10106	 Un uomo con gli occhiali da sole e un cappello da baseball è in piedi accanto a una donna con una maglietta blu.
5240	 Un cane bianco e nero che salta in aria per prendere una palla.
20248	 Un uomo con un cappello rigido sta lavorando su un tetto.
5621	 Un ragazzo che gioca a calcio.
27048	 Un gruppo di persone che camminano per strada.
3500	 Un uomo con una camicia bianca e un cappello da baseball è seduto a un tavolo in un ristorante.
20592	 Un uomo e una donna sono seduti su una panchina. <end>
1206	 Un uomo in camicia bianca sta cucinando in cucina.
7962	 Un uomo con una camicia bianca e un cappello da baseball è seduto su una panchina di fronte a un negozio.
18499	 Un cane che corre in un campo. <end>
26094	 Un giocatore di baseball che gioca a calcio. <end>
11423	 Due cani giocano nella neve.
2113	 Un uomo e una donna sono seduti a un tavolo in un ristorante. <end>
18820	 Un uomo con una camicia bianca e pantaloni neri che suona la chitarra.
20740	 Un bambino con una maglietta blu sta giocando con una palla da calcio.
4816	 Un uomo e una donna in posa per una foto.
7549	 Un uomo e una donna sono in piedi su una scogliera che guarda l'oceano.
13650	 Un gruppo di persone che camminano per strada.
5581	 Un gruppo di persone che camminano su una spiaggia rocciosa.
17603	 Una donna con una maglietta blu e una gonna bianca sta camminando per strada.
1480	 Un uomo con una camicia bianca e un cappello da baseball è seduto su una panchina di fronte a un muro di mattoni.
3078	 Un gruppo di persone in piedi su una scogliera che guarda l'oceano.
23128	 Due cani corrono attraverso l'erba. <end>
29084	 Due ragazzi che giocano a calcio.
9502	 Un giocatore di tennis che indossa una maglietta blu e dei pantaloni bianchi sta giocando a tennis.
29087	 Una donna che cammina per strada.
8554	 Un uomo con una camicia bianca e un cappello da baseball è seduto su una panchina di fronte ad un edificio.
21764	 Un gruppo di persone che camminano per strada.
6031	 Un uomo con una maglietta blu sta guidando una moto rossa. <end>
21996	 Un uomo con una camicia bianca e un cappello bianco è seduto su una panchina di fronte ad un edificio con un cartello che dice "il salvataggio".
25753	 Una donna con una camicia bianca e un cappello bianco è seduta su una panchina a leggere un libro.
19857	 Una donna con una camicia bianca e un cappello da baseball si trova di fronte a un microfono. <end>
8364	 Un uomo e una donna in posa per una foto.
12356	 Un cane nero e un cane nero che giocano in un campo.
29354	 Un'auto da corsa rossa che corre su una pista.
19555	 Un uomo che suona la chitarra sul marciapiede.
22258	 Due cani corrono in un campo erboso. <end>
9888	 Un uomo con una camicia rossa e un cappello da baseball è seduto su una panchina di fronte ad un edificio.
9506	 Un uomo con una camicia bianca e un cappello da baseball è seduto a un tavolo con un bicchiere di birra.
24071	 Un gruppo di persone che camminano per strada.
25986	 Una persona che indossa una maglietta blu e dei pantaloni neri è in piedi su una montagna ricoperta di neve.
28005	 Due ragazzi che giocano a calcio.
16455	 Un uomo in camicia bianca e pantaloni neri sta lavorando in un ristorante. <end>
10577	 Un cane bianco e nero che corre sull'erba.
17945	 Un uomo con un cappello da cowboy e un cappello da cowboy sta guidando un cavallo marrone.
8631	 Un uomo e una donna sono seduti su una panchina del parco.
14134	 Un uomo e una donna sono seduti su una panchina in un parco. <end>
5016	 Un uomo e una donna in posa per una foto.
9065	 Un gruppo di bambini che giocano in una fontana.
22956	 Un uomo e una donna sono seduti su una panchina del parco. <end> <end> <end>
20390	 Un uomo e una donna stanno camminando per strada.
28661	 Un gruppo di persone sedute intorno a un tavolo a mangiare.
29380	 Un bambino che indossa una maglietta blu leggera e un cappello da baseball è seduto su una sedia.
3097	 Un cane che nuota in acqua.
29185	 Un uomo che fa surf su una tavola da surf.
25149	 Un uomo e una donna sono seduti a un tavolo a mangiare.
1981	 Un uomo con una maglietta blu e un cappello da baseball è seduto su una panchina del parco.
7986	 Una donna in camicia bianca e pantaloni neri cammina per strada.
3648	 Un gruppo di persone che camminano per strada.
2551	 Un uomo e una donna in posa per una foto.
2956	 Un uomo e una donna sono seduti a un tavolo a mangiare.
2112	 Un gruppo di bambini che giocano a calcio.
25541	 Un uomo con gli occhiali da sole e un cappello da baseball si trova di fronte a un gruppo di persone.
25133	 Un uomo e una donna stanno camminando per strada. <end>
20507	 Un uomo che fa un trucco in bicicletta su una rampa.
5618	 Un uomo con una camicia bianca e un cappello da baseball è seduto su una panchina di fronte a un microfono.
1983	 Un uomo che suona la chitarra e canta.
10663	 Un uomo è seduto su una roccia vicino a un lago.
20858	 Un uomo e una donna sono seduti su una panchina. <end>
3008	 Un cane che corre sulla spiaggia.
5171	 Un cane bianco e nero salta in aria per prendere una Frisbee.
7170	 Due ragazzi che giocano a calcio su un campo.
5541	 Un uomo con una camicia bianca e un cappello da baseball è seduto a un tavolo in un ristorante.
23502	 Una donna in camicia bianca e pantaloni neri si trova di fronte a una folla di persone.
26598	 Un uomo con un cappello e una camicia bianca è seduto su una panchina di fronte ad un albero.
29301	 Un uomo con un cappello da baseball e una camicia bianca sta lavorando su un tetto.
19639	 Un uomo in camicia bianca e pantaloni neri cammina per strada. <end>
7909	 Un uomo che fa surf su una tavola da surf.
22317	 Un uomo con una camicia bianca e un cappello da baseball si trova di fronte ad un edificio.
27804	 Un gruppo di persone che giocano a calcio.
22865	 Un gruppo di persone che camminano lungo un sentiero sporco.
199	 Un uomo e una donna sono seduti su una panchina. <end>
17963	 Un uomo con una camicia rossa e un casco bianco sta guidando una bicicletta per strada.
16880	 Un uomo con una camicia bianca e un cappello da baseball è seduto su una panchina di fronte ad un edificio.
13785	 Un cane bianco e nero salta in aria per prendere una Frisbee.
29632	 Un uomo con una camicia rossa e un cappello da baseball è in piedi su un campo.
25525	 Un uomo e una donna sono seduti su una panchina del parco.
26256	 Un uomo e una donna sono seduti a un tavolo a mangiare.
28605	 Un uomo e una donna sono seduti a un tavolo in un ristorante. <end>
30236	 Un gruppo di ciclisti che corrono su una pista.
23560	 Un uomo con gli occhiali da sole e un cappello da baseball è in piedi accanto a una donna con un vestito bianco.
21381	 Un gruppo di operai edili che lavorano su un edificio. <end> <end>
22425	 Un uomo sta guidando una bicicletta sporca su una pista.
2131	 Un gruppo di persone che camminano per strada.
25820	 Un uomo e una donna in posa per una foto.
17714	 Un uomo con un cappello da baseball e una maglietta blu sta lavorando su un pezzo di legno.
23252	 Un gruppo di persone si riunisce in un parco.
8084	 Un cane marrone che salta in aria per prendere una palla. <end>
8412	 Un uomo con una camicia bianca e un cappello da baseball è seduto su una panchina di fronte ad un edificio.
12706	 Un bambino con una giacca rossa e un cappello rosso è in piedi sulla neve.
4981	 Una donna e un bambino sono seduti a un tavolo a mangiare.
1310	 Un grande gruppo di persone che camminano per strada.
22994	 Un gruppo di persone in un mercato di strada.
22327	 Una donna con gli occhiali da sole e una giacca di pelle nera.
19643	 Un gruppo di persone si riunisce intorno a un grande muro di pietra.
10693	 Una donna con i capelli biondi e gli occhiali da sole sta parlando al cellulare.
20297	 Un bambino che gioca con un giocattolo.
9323	 Un cane bianco e nero che salta in aria per prendere una palla.
17772	 Un gruppo di persone sedute intorno a un tavolo a mangiare.
12782	 Un uomo in camicia bianca e pantaloni neri che gioca a tennis.
8811	 Un uomo con una camicia blu e un cappello da baseball è seduto su una panchina del parco. <end> <end>
28066	 Un uomo con una camicia bianca e pantaloni neri cammina per una strada della città.
22334	 Un uomo con una camicia bianca e un cappello da baseball è seduto su una panchina di fronte a un ristorante.
4748	 Un uomo con una camicia bianca e un cappello da baseball è seduto su una panchina di fronte a un negozio.
4879	 Un gruppo di persone che nuotano in acqua.
6334	 Un cane nero e un cane nero che giocano con una palla rossa.
16347	 Un uomo con una camicia blu e un cappello da baseball sta lavorando su un tetto. <end>
12902	 Un giocatore di tennis colpisce la palla. <end> <end> <end> <end>
24043	 Un uomo con una camicia bianca e un cappello da baseball si trova di fronte a un microfono.
10620	 Una donna con i capelli biondi è seduta a un tavolo in un ristorante.
2330	 Un gruppo di persone che camminano per strada.
26160	 Un uomo con gli occhiali da sole e un cappello da baseball è in piedi su una barca in acqua.
12293	 Un uomo con una camicia bianca e un cappello da baseball è seduto su una panchina di fronte ad un uomo con una camicia bianca e un cappello da cowboy.
9039	 Un cane bianco e nero che corre sull'erba.
12542	 Un uomo con una camicia rossa e un cappello da baseball è in piedi su una montagna ricoperta di neve.
17940	 Un gruppo di persone si riunisce in una stanza piena di persone.
24327	 Un gruppo di persone che camminano per strada.
20103	 Un uomo con una camicia bianca e un cappello da baseball è seduto a un tavolo in un ristorante.
17933	 Un gruppo di persone sedute intorno a un tavolo a mangiare.
23617	 Un uomo e una donna camminano per strada.
1987	 Una ragazza con una maglietta blu e un cappello da bagno si sta mettendo in posa per una foto.
8654	 Un bambino che gioca in un parco giochi.
5595	 Un uomo con una camicia bianca e un cappello da baseball sta parlando al microfono. <end> <end>
6300	 Una donna con gli occhiali da sole e una giacca di pelle nera.
12865	 Un uomo in camicia bianca e pantaloni neri sta camminando in una strada trafficata. <end>
6258	 Un gruppo di persone sedute intorno a un tavolo a mangiare.
25516	 Un uomo e una donna sono seduti a un tavolo a mangiare.
22476	 Un gruppo di persone in un mercato di strada.
26419	 Un uomo con una camicia blu e un cappello da baseball è seduto a un tavolo a mangiare un panino.
30942	 Un uomo e una donna sono seduti a un tavolo in un ristorante.
11219	 Un uomo e una donna sono seduti su una panchina del parco. <end> <end>
856	 Un gruppo di persone sedute intorno a un tavolo a mangiare.
24350	 Un uomo sta guidando una bicicletta per strada.
5724	 Un cane nero che corre in un campo erboso.
4402	 Un uomo e una donna sono seduti su una panchina di fronte ad un edificio di mattoni.
22998	 Un gruppo di persone che camminano per strada.
6781	 Due operai edili stanno lavorando su un tetto.
17194	 Un uomo con una camicia bianca e un cappello da baseball sta parlando con un altro uomo con una maglietta blu.
16871	 Un uomo con una camicia bianca e un cappello da baseball è seduto a un tavolo in un ristorante.
13990	 Un cane nero e un cane marrone che giocano in un campo.
11890	 Un giocatore di football che corre con la palla.
9776	 Un uomo e una donna sono seduti a un tavolo a mangiare.
29629	 Un uomo con una camicia bianca e un cappello da baseball è seduto su una panchina di fronte ad un edificio.
654	 Un uomo e una donna sono seduti a un tavolo a mangiare.
3701	 Due cani bianchi e marroni che giocano in un campo erboso.
10499	 Una donna con i capelli biondi e una camicia rossa sta guardando una donna con un vestito bianco. <end> <end> <end>
7702	 Due ragazze che giocano in una fontana.
29357	 Un uomo con il casco rosso sta guidando una bicicletta.
7791	 Due cani che giocano in un campo.
23509	 Un uomo con un cappello rigido sta lavorando su un tetto.
20932	 Un uomo con una maglietta blu e un cappello da baseball sta giocando a un gioco di carnevale.
7750	 Un cane marrone con una palla in bocca. <end>
25554	 Un uomo e una donna sono seduti a un tavolo a mangiare.
760	 Un uomo con un cappello da cowboy e un cappello da cowboy sta guidando un cavallo marrone.
18318	 Un uomo con una camicia blu e un cappello da baseball è seduto su una panchina di fronte ad un edificio.
25795	 Un gruppo di persone che camminano per strada.
12030	 Un uomo e una donna in posa per una foto.
8175	 Un bambino che indossa una maglietta blu a maniche lunghe e jeans blu è in piedi su un campo d'erba.
6242	 Un uomo sta guidando una bicicletta per strada.
20682	 Un uomo con una camicia bianca e un cappello da baseball si trova di fronte ad un edificio.
22339	 Una donna con i capelli biondi che indossa una maglietta blu a maniche lunghe e pantaloni neri con in mano un sacchetto di plastica.
14690	 Un uomo con una maglietta blu e un cappello da baseball è seduto su una panchina di fronte a un muro di mattoni.
20016	 Una donna con i capelli biondi e gli occhiali da sole è seduta a un tavolo in un ristorante.
3972	 Un uomo che fa surf su una tavola da surf.
8831	 Un gruppo di persone sedute intorno a un tavolo a mangiare.
13629	 Un ragazzo che fa surf su una tavola da surf.
15186	 Un uomo sta scalando una montagna innevata.
10097	 Un gruppo di persone che camminano per strada.
29489	 Un uomo con un cappello rigido sta lavorando su un tetto.
15592	 Un cane bianco e nero che salta in aria per prendere una Frisbee.
17630	 Un uomo che fa snowboard su una montagna.
28662	 Un uomo con un cappello da cowboy guida un cavallo marrone. <end>
19508	 Un gruppo di persone che camminano per strada. <end>
11897	 Un uomo e una donna sono seduti a un tavolo a mangiare.
4510	 Un cane bianco e nero che salta in aria per prendere una Frisbee.
22115	 Un uomo con gli occhiali da sole e un cappello da baseball si trova di fronte a un gruppo di persone.
27168	 Un ragazzo con una maglietta blu e dei pantaloni neri sta giocando a tennis.
25058	 Un uomo con una camicia bianca e un cappello da baseball si trova di fronte ad un edificio.
15067	 Un uomo con un cappello e una camicia blu è seduto su una roccia vicino ad un albero.
14832	 Un cane marrone che corre sulla sabbia.
134	 Un giocatore di baseball che cerca di prendere la palla.
18061	 Un uomo con un cappello da baseball e una camicia bianca sta lavorando su un tetto. <end> <end> <end> <end>
22953	 Un gruppo di persone è in piedi su una scogliera che guarda l'oceano.
29944	 Un uomo con un cappello e una camicia bianca sta lavorando su un tetto.
17208	 Un uomo e una donna sono seduti su una panchina. <end>
1646	 Un gruppo di persone che camminano in un parco.
14164	 Un uomo in camicia rossa sta guidando una bicicletta in un parco.
4313	 Un uomo sta scalando una montagna innevata.
25235	 Un uomo con una camicia bianca e un cappello da baseball è seduto su una panchina di fronte a un ristorante.
5760	 Una donna con i capelli biondi è seduta a un tavolo in un ristorante.
9088	 Un uomo in bicicletta che fa un trucco su una rampa. <end>
28067	 Un giocatore di hockey sta cercando di prendere la palla.
14941	 Un grande gruppo di persone si riunisce in una stanza piena di persone.
16631	 Un uomo con una camicia blu e un cappello da baseball è seduto su una panchina di fronte ad un edificio.
3245	 Un uomo che fa surf su una grande onda nell'oceano.
16600	 Un uomo e una donna sono seduti a un tavolo a mangiare.
19867	 Un uomo in camicia bianca e pantaloni neri sta camminando su una strada della città.
16773	 Un uomo e una donna stanno camminando per strada.
13276	 Due cani corrono in un campo.
28240	 Un bambino in maglietta blu sta guidando una bicicletta.
17822	 Un uomo e una donna sono in spiaggia.
12212	 Un gruppo di persone che camminano per strada.
8766	 Un cane bianco e nero corre in un campo erboso.
19545	 Un uomo in camicia bianca e pantaloni neri cammina per strada.
20832	 Un uomo che fa un trucco in aria su una rampa.
340	 Un uomo con una maglietta blu e un cappello da baseball è seduto su una panchina di fronte ad un albero.
30893	 Un gruppo di persone che camminano per strada.
23724	 Un uomo e una donna camminano per strada.
21423	 Un uomo e una donna sono seduti su una panchina.
26969	 Un gruppo di persone che camminano per strada.
2319	 Un gruppo di persone che camminano per strada.
12947	 Un bambino che gioca con una palla da calcio.
25918	 Un uomo con una maglietta blu e un cappello da baseball è in piedi su una roccia in una piscina.
3771	 Un uomo con un cappello e una camicia blu sta lavorando su un tetto.
23205	 Un uomo in bicicletta attraversa una strada.
9979	 Un uomo e una donna sono seduti su una panchina del parco.
14221	 Un bambino con una maglietta blu e dei pantaloni blu è seduto su una panchina del parco.
3539	 Un uomo e una donna sono seduti a un tavolo a mangiare.
13566	 Un bambino con una maglietta blu e dei pantaloni blu è seduto su una panchina del parco.
15588	 Un uomo con una camicia rossa e dei pantaloni neri sta guidando una bicicletta.
670	 Un uomo con una camicia rossa e un cappello da baseball è seduto su una sedia a rotelle in un ristorante. <end>
12133	 Un uomo con una maglietta blu e un cappello da baseball è seduto su una panchina di fronte ad un edificio.
12375	 Un ragazzo con una maglietta blu sta giocando con una palla da calcio.
8322	 Un gruppo di persone che camminano per strada.
15374	 Un uomo e una donna in posa per una foto.
10629	 Un gruppo di persone si riunisce in una stanza piena di graffiti.
972	 Un uomo con una maglietta blu e un cappello da baseball è in piedi su una roccia in un corpo d'acqua.
25626	 Un gruppo di bambini che giocano a basket.
14736	 Un uomo con un cappello da cowboy e un cappello da cowboy guida un cavallo marrone.
20898	 Un uomo con una camicia bianca e un cappello da baseball è seduto su una panchina di fronte ad un edificio.
26440	 Un bambino con una maglietta blu e dei pantaloni blu è seduto su una sedia a rotelle.
10575	 Un uomo con una camicia rossa e dei pantaloni neri sta facendo un salto in aria con la sua bicicletta.
12969	 Un uomo sta guidando un cavallo in un rodeo. <end>
18532	 Un uomo che fa surf su una tavola da surf.
17573	 Un uomo con una camicia bianca e un cappello da baseball è seduto su una panchina di fronte ad un edificio.
10124	 Un cane salta in aria per prendere una palla.
30494	 Un uomo con un cappello e una camicia rossa sta scalando un albero.
25470	 Una donna con una camicia rossa e un cappello da baseball è seduta su una panchina a leggere un libro.
10239	 Un uomo con una camicia bianca e un cappello da baseball è seduto a un tavolo in un ristorante.
27457	 Un uomo e una donna sono seduti a un tavolo a mangiare.
23280	 Un gruppo di persone che camminano per strada.
1202	 Un ragazzo con una maglietta blu e dei pantaloni neri sta giocando a tennis. <end>
30619	 Un giocatore di baseball che lancia la palla.
26946	 Un uomo con una camicia bianca e un cappello da baseball è seduto su una sedia a rotelle in un ristorante. <end>
12813	 Una donna in camicia bianca e pantaloni neri si trova di fronte a un microfono.
14072	 Un gruppo di bambini che giocano a calcio.
30557	 Un uomo e una donna sono seduti su una panchina in un parco. <end>
14599	 Un uomo con una camicia blu e un cappello da baseball è seduto su una panchina in un parco. <end>
18731	 Un gruppo di persone che suonano strumenti musicali.
22145	 Un ragazzo che salta in una piscina.
13992	 Un uomo con una maglietta blu e un cappello da baseball è seduto su una panchina del parco. <end> <end>
27636	 Un giocatore di baseball che gioca a calcio.
19838	 Un giocatore di baseball che cerca di prendere la palla.
28328	 Un gruppo di persone sedute intorno a un tavolo a mangiare.
17057	 Un uomo con una camicia bianca e un cappello da baseball è seduto a un tavolo con un bicchiere di birra.
3451	 Un cane che corre sulla neve.
11514	 Un uomo è seduto su una roccia vicino ad un albero.
19834	 Un uomo con una camicia blu e un cappello da baseball è seduto su una panchina di fronte ad un edificio.
29352	 Un uomo con una camicia rossa e un cappello da baseball si trova di fronte a un gruppo di persone.
27872	 Un giocatore di calcio con l'uniforme rossa sta cercando di colpire la palla.
17708	 Un gruppo di persone si riunisce intorno a un tavolo.
15759	 Un uomo e una donna sono seduti su una panchina. <end>
8776	 Un uomo che suona la chitarra e canta al microfono.
9328	 Un gruppo di persone sedute intorno a un tavolo a mangiare.
3130	 Un uomo con una camicia bianca e un cappello da baseball è seduto su una panchina di fronte a un muro di mattoni.
9959	 Due uomini che giocano a calcio su un campo.
23091	 Un uomo con una camicia rossa e un cappello da cowboy che suona la chitarra.
29323	 Un uomo con una camicia bianca e un cappello da baseball è seduto a un tavolo in un ristorante.
30480	 Un giocatore di baseball che lancia la palla.
17121	 Un gruppo di persone che camminano per strada.
14721	 Un uomo con un cappello da cowboy guida un cavallo marrone.
4028	 Un gruppo di bambini che giocano a basket. <end> <end>
27830	 Una donna in camicia bianca e pantaloni neri cammina per strada.
11152	 Un giocatore di hockey in bianco e rosso sta cercando di prendere la palla.
18310	 Un uomo e una donna stanno camminando sulla spiaggia vicino all'oceano.
14337	 Un uomo e una donna sono seduti a un tavolo a bere.
24836	 Un uomo e una donna sono seduti su una panchina di fronte a un muro di mattoni.
487	 Una ragazza che salta in una piscina.
19354	 Un uomo con una camicia bianca e un cappello da baseball si trova di fronte ad un edificio.
22678	 Un uomo e una donna stanno guidando una bicicletta per strada.
6733	 Due ragazzi che giocano a calcio su un campo.
29043	 Due uomini che giocano a calcio.
28142	 Un bambino che dorme su una sedia a rotelle.
18028	 Un uomo con una maglietta blu e un cappello da baseball è seduto su una roccia vicino ad un albero.
28879	 Un uomo con un cappello e una camicia bianca è seduto su una panchina di fronte ad un albero. <end>
8982	 Una ragazza con i capelli biondi e gli occhiali da sole sorride.
539	 Un uomo e una donna in posa per una foto.
2260	 Un uomo in camicia bianca sta cucinando in cucina.
9592	 Una folla di persone che guarda una partita di calcio.
8903	 Un gruppo di persone che camminano su un sentiero di pietra.
15138	 Un gruppo di persone che camminano per strada. <end>
30283	 Un giocatore di football sta cercando di attaccare un altro giocatore. <end>
26536	 Un cane bianco e nero che corre in un campo.
22778	 Un uomo con una camicia bianca e un cappello da baseball è seduto su una panchina di fronte ad un edificio.
3951	 Un uomo con una camicia rossa e un cappello da baseball è in piedi accanto a un furgone bianco.
8023	 Un uomo e una donna sono seduti su una panchina.
5835	 Un bambino che gioca in un parco giochi.
5743	 Una donna con un vestito rosa e un cappello da baseball si trova di fronte a un gruppo di persone.
26846	 Un uomo con gli occhiali da sole e un cappello da baseball si trova di fronte a un microfono.
22078	 Un uomo con una camicia rossa e un cappello bianco è seduto su una panchina di fronte ad un edificio.
16048	 Un uomo con il casco sta guidando una bicicletta su una strada sterrata.
27391	 Un uomo con una camicia bianca e un cappello da baseball è seduto su una panchina di fronte ad un uomo con una camicia bianca e un cappello da cowboy.
14626	 Un gruppo di bambini che giocano in un parco giochi.
9266	 Un uomo con un cappello da baseball e una maglietta blu sta giocando a tennis.
14989	 Un cane bianco e nero corre in un campo.
124	 Un uomo e una donna sono seduti su una panchina di fronte ad un edificio.
22751	 Un uomo e una donna sono seduti su una panchina del parco. <end> <end>
19277	 Un uomo con una maglietta blu e un cappello da baseball è seduto su una panchina di fronte a un muro di mattoni.
11618	 Un cane che corre sulla spiaggia.
26906	 Un uomo e una donna sono seduti a un tavolo in un ristorante.
3703	 Un bambino con una maglietta gialla e un cappello da baseball è seduto su una sedia.
23790	 Un uomo con una camicia bianca e un cappello da baseball si trova di fronte a una folla di persone.
5970	 Un cane marrone e un cane bianco e nero corrono sull'erba.
26982	 Una donna in camicia bianca e pantaloni neri sta giocando a tennis.
24181	 Un uomo con un cappello e una camicia blu sta guidando una bicicletta.
1771	 Un bambino che gioca in un parco giochi.
15358	 Un gruppo di uomini che giocano a basket.
26618	 Un bambino con una maglietta blu e dei pantaloni blu è seduto su una sedia a rotelle.
14773	 Un uomo con una camicia bianca e un cappello da baseball è seduto su una sedia.
23863	 Un uomo e una donna sono seduti su una panchina.
21580	 Un uomo e una donna sono seduti su una panchina.
7153	 Un uomo è seduto su una barca a vela in un lago.
17346	 Un gruppo di persone si riunisce in un parco.
21187	 Un uomo e una donna sono seduti a un tavolo a mangiare.
3826	 Un uomo in camicia bianca e pantaloni neri cammina per strada.
23070	 Un uomo con una camicia bianca e un cappello da baseball si trova di fronte a un muro di mattoni.
12077	 Un giocatore di tennis che si prepara a colpire la palla.
16018	 Un uomo con il casco sta guidando una bicicletta su una strada sterrata.
25188	 Una donna con i capelli biondi che indossa una maglietta blu a maniche lunghe e jeans blu è seduta a un tavolo con un bicchiere di vino.
28480	 Un uomo e una donna che nuotano in una piscina.
14490	 Un uomo e una donna sono seduti a un tavolo in un ristorante. <end>
10330	 Un gruppo di persone si riunisce intorno ad un uomo con una camicia bianca e un cappello da cowboy.
24271	 Un bambino con una maglietta blu e dei pantaloni blu è seduto su una sedia a rotelle.
19929	 Una donna con gli occhiali da sole e una maglietta blu a maniche lunghe si trova di fronte a un microfono.
19348	 Una donna con i capelli biondi e una camicia rossa sta camminando per strada.
9285	 Due squadre di calcio che giocano a calcio.
26015	 Un uomo sta guidando una bicicletta per strada.
18979	 Due cani che giocano in un campo.
15176	 Un uomo in camicia bianca e pantaloni neri sta giocando a tennis.
23346	 Un uomo con il casco sta guidando una bicicletta.
25494	 Un ragazzo con una maglietta gialla e un cappello da baseball è seduto su una sedia a rotelle.
7996	 Un uomo che fa surf nell'oceano. <end> <end> <end> <end>
16381	 Un uomo e una donna camminano per strada.
21219	 Un uomo e una donna che camminano per strada.
19830	 Un uomo e una donna stanno camminando per strada.
18425	 Una donna con una camicia rossa e un cappello da baseball è seduta su una panchina a leggere un libro.
11124	 Un gruppo di persone si riunisce intorno a un tavolo.
18250	 Un uomo e una donna sono seduti a un tavolo a mangiare.
8225	 Un cane bianco e nero che corre in una gara.
15448	 Un gruppo di persone è in piedi su una collina di sabbia.
5867	 Due cani corrono su una pista.
28873	 Un gruppo di persone che giocano a calcio.
15834	 Un uomo con un cappello e una camicia rossa sta scalando un muro di roccia.
30285	 Due giocatori di hockey stanno combattendo su una palla.
22419	 Due cani che giocano con un giocattolo rosso. <end>
29250	 Un uomo e una donna sono seduti a un tavolo a mangiare.
11278	 Un uomo con una camicia bianca e un cappello da baseball si trova di fronte a una folla. <end>
228	 Un uomo con una camicia bianca e un cappello da baseball sta cucinando in cucina. <end> <end>
22193	 Un uomo con un cappello e una camicia blu sta lavorando su un tetto.
21105	 Un uomo con una camicia bianca e un cappello da baseball si trova di fronte a una folla. <end>
97	 Un uomo con un cappello rigido sta lavorando su un tetto.
30665	 Un uomo con una camicia bianca e un cappello da baseball è seduto a un tavolo in un ristorante.
10010	 Un uomo e una donna sono seduti su una panchina del parco. <end> <end>
27303	 Un gruppo di musicisti si esibisce sul palco.
21544	 Un uomo con gli occhiali da sole e un cappello da baseball è in piedi accanto a una donna con una maglietta blu a strisce.
25315	 Un uomo e una donna sono seduti su una panchina del parco. <end> <end>
26512	 Gli operai edili stanno lavorando su un tetto.
5330	 Un cane bianco e nero che corre sull'erba.
5580	 Un uomo con gli occhiali da sole e una giacca di pelle nera sta parlando al cellulare.
10379	 Un uomo in camicia bianca e pantaloni neri che cammina per strada.
19005	 Un uomo con un cappello da cowboy e un cappello da cowboy sta guidando un cavallo marrone.
30781	 Un gruppo di persone che camminano per strada.
9308	 Un ragazzo con una maglietta blu sta giocando a tennis.
4562	 Un uomo e una donna sono seduti a un tavolo a mangiare.
11374	 Un bambino con una maglietta blu sta giocando con un giocattolo.
1576	 Un uomo e una donna sono in piedi su una montagna ricoperta di neve.
16715	 Un uomo con una maglietta blu e un cappello da cowboy sta guidando un cavallo marrone.
8274	 Un uomo e una donna sono seduti su una panchina di fronte ad un edificio.
3476	 Un bambino con una maglietta gialla e un cappello da baseball è seduto su una sedia.
8561	 Un gruppo di persone che suonano strumenti musicali.
14048	 Un uomo con un cappello da cowboy guida un cavallo marrone.
18155	 Un uomo che suona la chitarra e canta.
24277	 Un uomo e una donna sono seduti su una panchina. <end>
1343	 Un uomo che fa surf su una tavola da surf.
19356	 Un uomo che salta in aria su una collina di sabbia.
12486	 Un uomo con un cappello e una giacca di pelle nera sta facendo una foto.
25776	 Un uomo con una camicia bianca e jeans blu è seduto su una panchina di fronte ad un edificio.
12058	 Un uomo con un cappello da cowboy sta guidando un cavallo marrone.
30674	 Un uomo con una camicia bianca e un cappello bianco è seduto su una panchina di fronte a un muro di mattoni.
14786	 Un uomo con un cappello da cowboy e una camicia rossa sta guidando un cavallo marrone.
22968	 Un uomo con una camicia rossa e un cappello da baseball è in piedi accanto a una donna con una maglietta bianca e un cappello da cowboy.
20154	 Un uomo con un cappello da cowboy e un cappello da cowboy sta guidando un cavallo marrone.
25069	 Un gruppo di persone sedute intorno a un tavolo a mangiare.
25	 Un uomo con gli occhiali da sole e una maglietta blu a maniche lunghe si trova di fronte a un microfono.
1306	 Un uomo che fa surf su una tavola da surf.
8674	 Un uomo che nuota in una piscina.
29108	 Un gruppo di persone che camminano per strada. <end>
7581	 Un gruppo di persone in piedi su una barca in acqua.
17177	 Un uomo con un cappello e una camicia rossa sta scalando una montagna ricoperta di neve.
26393	 Un uomo e una donna sono in piedi sulla spiaggia. <end>
22892	 Una ballerina che indossa una maglietta bianca e nera sta facendo una postura a mano su un trampolino.
27240	 Un uomo che suona la chitarra e canta.
22886	 Un uomo con una camicia bianca e un cappello bianco è seduto su una panchina di fronte ad un edificio.
20448	 Un uomo e una donna sono seduti a un tavolo in un ristorante. <end>
8519	 Un uomo con una camicia bianca e jeans blu è seduto su una panchina di fronte ad un edificio.
16532	 Un bambino che gioca con un giocattolo.
28885	 Un uomo con una camicia blu e un cappello da baseball è seduto a un tavolo con un bicchiere di birra.
24521	 Un uomo con un cappello da cowboy e un cappello da cowboy sta guidando un cavallo marrone.
17109	 Un uomo che suona la chitarra e canta.
23686	 Un uomo con una camicia blu e un cappello da baseball è seduto a un tavolo a mangiare un panino.
28978	 Un uomo che fa surf su un'onda enorme. <end> <end>
26843	 Un gruppo di persone è in piedi su una piattaforma di fronte ad un edificio.
10858	 Un gruppo di persone che camminano per strada.
4501	 Una ragazzina con una maglietta bianca e jeans blu che gioca con un giocattolo.
26697	 Un uomo con una camicia bianca e un cappello da baseball è seduto su una panchina di fronte ad un edificio.
9797	 Un uomo con una camicia rossa e un cappello da baseball è in piedi accanto a una donna con una camicia rossa e una gonna nera.
11207	 Un uomo con una camicia bianca e un cappello da baseball si trova di fronte ad un edificio.
11234	 Un uomo che suona la chitarra e canta.
3459	 Un gruppo di persone che si esibiscono in un gruppo.
28827	 Un uomo con un cappello e una camicia bianca sta lavorando su un tetto.
27321	 Un gruppo di persone che camminano per strada.
11906	 Un gruppo di persone che si esibiscono in una parata.
12053	 Un uomo con una camicia bianca e un cappello da baseball è in piedi su una piattaforma di fronte ad un edificio.
2161	 Un uomo con un cappello e una camicia bianca sta lavorando su un computer portatile.
4027	 Un uomo con un cappello rigido sta lavorando su un tetto.
29862	 Un ragazzo con una maglietta blu sta mangiando un panino. <end>
2851	 Un uomo con un cappello e una camicia blu sta lavorando su un tetto.
26615	 Un gruppo di persone che camminano per strada.
13085	 Un ragazzo con una maglietta gialla e un cappello da baseball è seduto su una sedia a rotelle.
5989	 Un gruppo di persone che camminano per strada.
1833	 Un cane marrone con un bastone in bocca che corre in un campo erboso.
24495	 Un uomo con una camicia bianca e un cappello da baseball è seduto su una panchina di fronte ad un edificio.
754	 Un uomo che fa surf su una grande onda nell'oceano.
14332	 Due cani che corrono sull'erba. <end> <end>
7682	 Un uomo e una donna sono seduti su una panchina. <end>
24457	 Un uomo con una camicia blu e un cappello da baseball è seduto su una sedia.
26984	 Un gruppo di persone che camminano per strada.
27671	 Un giocatore di baseball che si prepara a lanciare la palla.
3834	 Un uomo e una donna sono seduti su una panchina in un parco. <end>
26049	 Un uomo con una camicia bianca e pantaloni neri cammina per una strada della città.
12178	 Due uomini che giocano a basket.
9354	 Un bambino che gioca con un giocattolo.
16199	 Una donna con i capelli biondi e gli occhiali da sole siede su una sedia a rotelle in un ristorante.
6192	 Un gruppo di persone che camminano per strada.
19724	 Un gruppo di persone che giocano a calcio.
6921	 Un gruppo di bambini che giocano a basket.
6068	 Un uomo con una camicia blu e un cappello da baseball è seduto su una panchina di fronte ad un edificio.
15061	 Un uomo e una donna sono seduti su una panchina di fronte a un corpo d'acqua.
19071	 Un uomo con una camicia rossa e un cappello da baseball è seduto su una panchina di fronte ad un albero.
21530	 Un uomo con gli occhiali da sole e un cappello da baseball è seduto accanto a una donna con una maglietta bianca e jeans blu.
8993	 Un uomo e una donna sono seduti a un tavolo a mangiare.
10171	 Un bambino che dorme su una coperta blu.
24829	 Un uomo con una camicia bianca e pantaloni neri è seduto su una panchina di fronte ad un edificio.
25456	 Un uomo con un cappello da cowboy guida un cavallo marrone.
22383	 Un uomo con una camicia bianca e un cappello da baseball è seduto su una panchina di fronte ad un edificio.
9908	 Un ragazzo che fa surf su una tavola da surf.
7881	 Un uomo e una donna in posa per una foto.
28057	 Un giocatore di baseball che cerca di prendere la palla.
26039	 Un giocatore di tennis che si prepara a lanciare la palla.
12757	 Un uomo e una donna sono seduti a un tavolo a mangiare.
2690	 Un ragazzo con una maglietta bianca e jeans blu che gioca a calcio.
17733	 Un uomo con una camicia bianca e un cappello da baseball è seduto su una panchina di fronte ad un albero di Natale.
29197	 Un uomo e una donna sono seduti a un tavolo a mangiare.
22613	 Un uomo e una donna sono seduti a un tavolo in un ristorante.
6796	 Un gruppo di persone è in piedi su una barca in acqua.
9598	 Un ragazzo con una maglietta blu sta giocando con una palla da calcio.
5854	 Un uomo e una donna sono seduti su una panchina. <end>
9074	 Un uomo con una camicia blu e un cappello da baseball è seduto su una panchina di fronte a un muro di mattoni.
14316	 Una donna con i capelli biondi e gli occhiali da sole è seduta a un tavolo in un ristorante.
11656	 Un gruppo di persone che camminano per strada.
15809	 Un uomo e una donna in posa per una foto.
15556	 Un uomo che fa un salto in bicicletta su una strada sterrata.
1030	 Un uomo e una donna sono seduti su una panchina. <end>
27238	 Un uomo con un cappello rigido sta lavorando su un tetto.
12949	 Un uomo con una camicia rossa e dei pantaloni neri si trova di fronte a un microfono. <end> <end>
22548	 Un cane nero e un cane nero che giocano con un giocattolo.
1984	 Un uomo che suona la chitarra e canta.
21900	 Un uomo e una donna sono seduti su una panchina. <end>
1723	 Un uomo e una donna sono seduti su una panchina in un parco. <end>
30456	 Un uomo con una camicia bianca e un cappello da baseball si trova di fronte a un muro di mattoni.
10390	 Un uomo con una camicia bianca e un cappello da baseball è seduto a un tavolo in un ristorante.
11516	 Un uomo e una donna sono seduti su una panchina del parco. <end> <end> <end>
21301	 Un uomo e una donna sono seduti a un tavolo a mangiare.
6078	 Un cane bianco e nero che nuota in un lago.
19896	 Un uomo con una camicia bianca e un cappello da baseball è seduto su una panchina di fronte ad un edificio.
9058	 Un uomo con una maglietta blu e un cappello da baseball è seduto su una panchina di fronte ad un edificio.
21510	 Un uomo in camicia bianca e pantaloni neri cammina per una strada della città.
2429	 Un uomo e una donna sono seduti su una panchina del parco.
2523	 Una donna in camicia bianca sta camminando per strada. <end>
20981	 Un uomo con un cappello e una camicia blu sta lavorando su un tetto. <end> <end> <end>
19738	 Una donna in camicia bianca e pantaloni neri cammina per strada.
9736	 Un cane nero e un cane marrone che giocano in un campo.
28694	 Un'auto da corsa rossa che corre su una pista.
20229	 Un uomo con una camicia bianca e un cappello bianco è seduto su una panchina di fronte ad un edificio.
17037	 Un giocatore di tennis colpisce la palla. <end> <end> <end> <end> <end>
906	 Un uomo con un cappello da cowboy e un cappello da cowboy si trova di fronte a una folla. <end>
23986	 Un gruppo di persone che camminano per strada.
16090	 Un uomo e una donna sono seduti su una panchina di fronte a un corpo d'acqua.
25583	 Un uomo con un cappello e una giacca blu è in piedi su una montagna innevata.
23756	 Una donna in bikini che nuota in una piscina.
6283	 Un gruppo di persone che camminano per strada.
22788	 Un gruppo di persone che camminano per strada.
917	 Una donna con i capelli biondi è seduta a un tavolo in un ristorante.
17031	 Un uomo e una donna sono seduti a un tavolo a mangiare.
4686	 Un bambino che gioca con un giocattolo.
17731	 Un uomo e una donna sono seduti su una panchina del parco. <end> <end>
22042	 Un gruppo di persone che suonano strumenti musicali.
8267	 Un uomo e una donna sono seduti su una panchina. <end>
11963	 Un snowboarder che fa un salto in alto.
8870	 Un ragazzo con gli occhiali da sole è in piedi su una roccia in un parco.
8199	 Un gruppo di persone che camminano per strada.
29364	 Un uomo e una donna sono seduti su una panchina del parco. <end> <end>
25819	 Un uomo che suona la chitarra e canta.
22478	 Un uomo con una camicia bianca e un cappello da baseball si trova di fronte a un gruppo di persone.
7973	 Un uomo con una camicia rossa e un cappello da baseball è in piedi accanto a un furgone bianco. <end>
22067	 Un uomo con una camicia rossa e un cappello da baseball è seduto su una panchina di fronte ad un edificio.
19910	 Un uomo con una camicia rossa e un cappello da baseball è seduto su una panchina di fronte ad un edificio.
24806	 Un gruppo di persone che camminano per strada.
17673	 Un gruppo di persone si riunisce intorno a un tavolo da picnic.
27025	 Un bambino che gioca con un giocattolo.
17823	 Un cane bianco e marrone che salta su un ostacolo.
7492	 Un gruppo di persone che camminano in un campo. <end>
259	 Un gruppo di persone si riunisce intorno ad un albero di Natale.
16010	 Un uomo e una donna sono seduti su una panchina in un parco.
26370	 Un uomo con un cappello da baseball è seduto su una panchina del parco.
11979	 Un uomo con una camicia blu e un cappello da baseball è seduto su una sedia a rotelle con un bambino in grembo.
34	 Un cane nero e un cane bianco e nero corrono sull'erba. <end>
22223	 Un uomo in camicia bianca e pantaloni neri cammina per una strada della città.
10692	 Un uomo con un cappello da cowboy e un cappello da cowboy sta guidando un cavallo marrone.
5343	 Un cane che corre sulla neve.
9042	 Un grande gruppo di persone che si esibisce in una folla di persone.
8872	 Due cani corrono attraverso l'erba. <end>
15674	 Un uomo con un cappello da cowboy e un cappello da cowboy si trova di fronte ad un uomo con un cappello da cowboy e una maglietta blu a maniche corte.
828	 Un uomo e una donna sono seduti su una panchina di fronte ad un corpo d'acqua.
6002	 Un uomo con una camicia bianca e un cappello da baseball è seduto su una panchina di fronte ad un edificio.
11239	 Un cane che nuota in acqua.
12508	 Un uomo con un cappello da cowboy guida un cavallo marrone.
27733	 Un uomo con una camicia bianca e pantaloni neri è seduto su una panchina di fronte a un muro di mattoni.
3437	 Un uomo con una camicia bianca e pantaloni neri è seduto su una panchina di fronte ad un edificio.
23164	 Un uomo e una donna sono seduti a un tavolo a mangiare.
28068	 Un gruppo di bambini che giocano a calcio.
23240	 Un uomo e una donna sono seduti su una panchina del parco. <end> <end>
16888	 Un uomo e una donna sono in piedi su un campo da calcio. <end>
28113	 Un giocatore di tennis che colpisce una palla.
2909	 Un uomo con una camicia blu e un cappello da baseball è seduto su una roccia vicino ad un albero.
29916	 Un uomo con una maglietta blu e un cappello da baseball è seduto a un tavolo in un ristorante.
2788	 Un gruppo di persone sedute a un tavolo a mangiare. <end>
20139	 Un gruppo di persone si riunisce in una stanza piena di persone.
23965	 Un uomo con una camicia bianca e un cappello da baseball è seduto su una panchina di fronte a un muro di mattoni.
16049	 Un ragazzo con una maglietta blu e dei pantaloni neri sta saltando su un trampolino.
15875	 Un uomo in camicia bianca e pantaloni neri cammina per una strada della città.
395	 Un gruppo di persone che camminano per strada.
15410	 Una ragazzina con un cappello rosa e una maglietta blu sta giocando a un gioco di carnevale.
11914	 Un uomo che suona la chitarra e canta al microfono.
11747	 Un cane che corre sulla neve.
1821	 Un uomo e una donna sono seduti su una panchina. <end>
28819	 Un uomo che fa surf su una tavola da surf.
8940	 Un cane bianco e nero corre sull'erba.
12184	 Un uomo e una donna sono seduti su una panchina del parco.
25637	 Un uomo e una donna sono seduti a un tavolo a mangiare.
12245	 Una donna in camicia bianca e pantaloni neri che suona la chitarra.
13388	 Un uomo e una donna in posa per una foto.
19624	 Un bambino che gioca in spiaggia.
8708	 Un bambino con una maglietta blu è seduto su una sedia a rotelle.
16638	 Un uomo con una camicia rossa e un cappello da baseball è seduto su una panchina di fronte ad un albero.
22254	 Un uomo con una camicia bianca e un cappello da baseball sta parlando con un uomo con un cappello da cowboy e una donna con una maglietta blu a strisce.
21799	 Un uomo con una camicia bianca e un cappello da baseball è seduto su una panchina del parco. <end> <end> <end>
12427	 Un uomo con una camicia bianca e un cappello da baseball è in piedi accanto a una donna con una maglietta bianca e un cappello nero.
7912	 Un cane nero e un cane nero che giocano con un giocattolo rosso.
3412	 Un uomo e una donna sono seduti su una panchina. <end>
18666	 Un bambino che indossa una maglietta blu e dei pantaloni blu è in cima a una montagna ricoperta di neve.
28042	 Un'auto da corsa rossa che corre su una pista.
9241	 Un uomo e una donna sono seduti su una panchina del parco. <end> <end>
28470	 Un uomo e una donna sono seduti a un tavolo a mangiare.
14453	 Due bambini che giocano in un parco giochi.
279	 Un ragazzo con una maglietta blu sta giocando a tennis.
13744	 Un uomo e una donna sono seduti su una panchina del parco. <end> <end>
4663	 Una donna che gioca a tennis.
23713	 Un uomo con un cappello da cowboy e un cappello da cowboy guida un cavallo marrone.
22776	 Un gruppo di persone in piedi su una barca in acqua.
18146	 Un uomo e una donna sono seduti a un tavolo a mangiare.
5964	 Un uomo e una donna stanno parlando in un bar. <end> <end>
20240	 Un uomo con una camicia bianca e un cappello da baseball è seduto su una panchina di fronte ad un uomo con una camicia bianca e un cappello da cowboy.
26377	 Un operaio edile che lavora su un tetto.
6532	 Un uomo con un cappello rigido sta lavorando su un tetto.
30384	 Un giocatore di basket sta cercando di prendere la palla.
565	 Una donna in camicia bianca e pantaloni neri sta giocando a tennis.
13837	 Un uomo e una donna stanno camminando per strada.
13135	 Un cane bianco e nero salta in aria per prendere una Frisbee.
29791	 Un uomo in camicia bianca e pantaloni neri sta giocando a tennis.
7597	 Una ragazzina con una maglietta blu e dei pantaloni blu sta giocando a tennis.
21222	 Un uomo e una donna stanno camminando per strada.
28955	 Due uomini che giocano a calcio su un campo.
1417	 Un uomo con gli occhiali da sole e una camicia bianca sta parlando con un uomo con una maglietta bianca e un cappello nero.
16739	 Un uomo in camicia bianca e pantaloni neri che gioca a tennis.
13648	 Un bambino che indossa una maglietta blu e dei pantaloni blu è in piedi su una montagna ricoperta di neve.
26352	 Un cane bianco e nero che salta su un letto. <end> <end>
19122	 Una ragazzina con una maglietta blu e un cappello da baseball è seduta su una panchina di legno.
29424	 Un giocatore di football che corre con la palla.
16996	 Un uomo con una camicia rossa e un cappello da baseball è seduto su una panchina. <end>
30542	 Un ragazzo con una maglietta blu sta saltando su un trampolino.
10235	 Un uomo che suona la chitarra e canta.
14479	 Un uomo con gli occhiali da sole e un cappello da baseball si trova di fronte a un gruppo di persone.
14117	 Un uomo con una maglietta blu e un cappello da baseball è seduto su una panchina in un parco. <end>
17468	 Un gruppo di persone si riunisce intorno a un tavolo.
5767	 Un uomo con un cappello e una camicia bianca sta lavorando su un tetto.
14596	 Un uomo con il casco rosso sta guidando una bicicletta.
12402	 Un gruppo di persone che giocano a calcio.
20821	 Un gruppo di persone che camminano in un campo.
2848	 Un giocatore di baseball che si prepara a lanciare la palla.
25987	 Un bambino che gioca in un parco giochi.
20946	 Un gruppo di persone che camminano in un parco.
2265	 Un uomo che fa surf su una tavola da surf.
12334	 Un cane che corre in un campo.
17661	 Un uomo che suona la chitarra e canta.
11086	 Un uccello bianco vola in aria.
7739	 Un cane bianco e nero che salta su un ostacolo.
1284	 Un uomo con una maglietta blu e un cappello da baseball è seduto su una panchina di fronte ad un albero.
23144	 Un uomo e una donna che camminano per strada. <end>
18419	 Un uomo e una donna sono seduti su una panchina di fronte a una fontana.
21635	 Un uomo e una donna sono seduti su una panchina del parco. <end> <end>
17652	 Un gruppo di persone che camminano per strada.
1358	 Un uomo con una camicia bianca e pantaloni neri è seduto su una panchina di fronte ad un edificio.
12994	 Due cani che giocano nella neve.
24846	 Un uomo e una donna sono in piedi su un molo vicino all'acqua. <end> <end>
8070	 Un uomo e una donna in posa per una foto.
28893	 Un gruppo di persone che camminano per strada. <end>
19384	 Un uomo e una donna sono seduti su una panchina del parco. <end> <end>
21121	 Un uomo con una camicia bianca e un cappello da baseball si trova di fronte a un microfono.
13977	 Un cane nero e un cane marrone che giocano in un campo erboso.
1305	 Un uomo con una camicia bianca e un cappello da baseball si trova di fronte a una folla di persone.
24624	 Un uomo e una donna sono seduti su una panchina del parco. <end> <end>
434	 Un gruppo di persone si riunisce in un parco.
21127	 Un gruppo di persone che camminano lungo una strada della città.
10691	 Un uomo con una camicia bianca e un cappello da baseball si trova di fronte a un microfono. <end>
15774	 Un uomo e una donna in posa per una foto.
15047	 Un ragazzo con una maglietta blu e dei pantaloni blu è in piedi su una roccia in una piscina.
16124	 Un uomo è seduto su una roccia vicino ad un albero.
7584	 Un uomo con una maglietta blu e un cappello da baseball è seduto su una panchina di fronte ad un edificio.
17347	 Un uomo con una camicia rossa e dei pantaloni neri sta facendo un giro di schiena.
26133	 Un uomo che fa surf su una tavola da surf.
2197	 Un giocatore di basket sta cercando di prendere la palla.
20071	 Un uomo con una camicia bianca e un cappello da baseball si trova di fronte a un muro di mattoni.
17071	 Un uomo con un cappello e una camicia bianca è seduto su una panchina di fronte a un negozio. <end>
24145	 Un gruppo di persone è seduto a un tavolo a mangiare.
6645	 Un uomo con una camicia bianca e un cappello bianco è seduto su una panchina di fronte ad un edificio.
18448	 Un uomo con gli occhiali da sole e un cappello da cowboy che suona la chitarra.
9579	 Un gruppo di bambini che giocano a calcio su un campo.
29772	 Un ragazzo con una maglietta blu e un cappello da baseball si sta mettendo in posa per la telecamera.
17250	 Un gruppo di persone si riunisce in un parco.
9274	 Un uomo in camicia blu e pantaloni neri è seduto su una panchina di fronte ad un albero.
5763	 Un bambino con una maglietta blu e un cappello da baseball è seduto su una panchina del parco.
2139	 Un uomo con una maglietta blu e un cappello da cowboy sta guidando una bicicletta per strada.
3724	 Un gruppo di persone in piedi su una barca in acqua.
29010	 Un uomo con gli occhiali da sole e un cappello da baseball è seduto su una sedia a rotelle.
7263	 Una donna in camicia rossa e pantaloni neri si siede su una panchina del parco.
19478	 Un gruppo di persone che camminano per strada.
6306	 Un uomo con una camicia bianca e un cappello da baseball si trova di fronte a una folla di persone.
28041	 Un gruppo di persone che camminano per strada. <end>
15457	 Un uomo in camicia bianca e pantaloni neri sta giocando a tennis.
23850	 Un uomo e una donna sono seduti su una panchina. <end>
10490	 Un uomo è seduto su una panchina vicino ad un albero.
13770	 Una donna con i capelli biondi e una camicia rossa sta guardando un bambino che dorme in una culla.
20709	 Un uomo e una donna in posa per una foto.
19027	 Un gruppo di persone sedute a un tavolo a mangiare. <end>
27250	 Un uomo e una donna sono seduti su una roccia vicino all'acqua.
30652	 Un uomo e una donna sono seduti su una panchina in un parco. <end>
19609	 Una donna con i capelli biondi e gli occhiali da sole sorride.
14231	 Un uomo e una donna sono seduti su una panchina in un parco. <end>
24095	 Un uomo con una camicia bianca e un cappello da baseball è seduto su una panchina di fronte a un muro di mattoni.
1895	 Un uomo con una camicia bianca e un cappello bianco è seduto su una panchina di fronte ad un albero di Natale.
2678	 Un gruppo di persone si riunisce intorno ad un albero di Natale.
10469	 Un uomo che fa surf su una grande onda nell'oceano.
24244	 Un uomo con una camicia bianca e un cappello da baseball si trova di fronte ad un edificio. <end> <end>
22755	 Un uomo e una donna sono seduti su una panchina in un parco.
2054	 Un uomo e una donna sono seduti su una panchina del parco. <end> <end>
