67 	 Un uomo con un cappello da cowboy sta guidando un carro disegnato a cavallo.
99 	 Un gruppo di persone sedute intorno a un tavolo.
100 	 Un gruppo di persone si riunisce in un parco di divertimento.
109 	 Un uomo e una donna stanno camminando sulla spiaggia.
118 	 Un uomo con un cappello da pesca è seduto su una barca in acqua.
161 	 Un uomo con una maglietta rossa e dei pantaloni rossi sta facendo un trucco su una tavola da surf.
170 	 Un cane marrone che corre sulla sabbia.
200 	 Un giocatore di baseball che indossa una maglietta bianca e una mazza da baseball.
203 	 Un gruppo di persone sedute a un tavolo a mangiare.
257 	 Un uomo sta guidando una bicicletta.
280 	 Un uomo che fa arrampicarsi su una scogliera.
282 	 Un gruppo di persone che si arrampicano su una collina ricoperta di neve.
293 	 Un uomo con una camicia rossa e un cappello da baseball è seduto su una panchina di legno.
301 	 Un gruppo di persone si riunisce intorno a un tavolo.
322 	 Un uomo suona la chitarra e canta.
370 	 Un gruppo di persone che camminano lungo un sentiero in un campo.
377 	 Un uomo con un cappello da cowboy e un cappello da cowboy è seduto su una sedia a rotelle.
382 	 Un gruppo di persone si riunisce in un parco di divertimento.
387 	 Un gruppo di persone sedute a un tavolo a mangiare.
390 	 Un uomo e una donna in posa per una foto.
419 	 Un gruppo di persone si riunisce intorno a un tavolo.
422 	 Un gruppo di persone si trova di fronte ad un edificio di mattoni.
462 	 Una donna con un vestito bianco e una gonna bianca è in piedi accanto ad un edificio.
478 	 Una donna con una maglietta blu e un cappello da baseball sta mangiando un panino.
511 	 Un uomo in camicia bianca e pantaloni neri si trova di fronte ad un edificio.
608 	 Due cani marroni corrono sull'erba.
610 	 Un bambino che indossa una maglietta blu e una maglietta blu a strisce e un bambino che indossa una
628 	 Un uomo e una donna stanno camminando lungo un sentiero di pietra.
630 	 Un uomo che pesca da una barca in acqua.
669 	 Un uomo con un gilet arancione sta scavando un buco nella terra.
681 	 Due uomini che giocano a calcio.
694 	 Un uomo con una camicia nera e jeans blu è seduto su una panchina del parco.
762 	 Un ragazzo con una maglietta bianca e jeans blu sta facendo un giro di schiena.
816 	 Un uomo con un gilet arancione e un cappello rigido sta lavorando su un tetto.
843 	 Un uomo e una donna che camminano per strada.
900 	 Un gruppo di persone si riunisce intorno a un tavolo.
949 	 Un gruppo di persone si trova di fronte ad un edificio di mattoni.
1052 	 Un gruppo di persone si riunisce intorno a un treno.
1074 	 Due cani marroni corrono sull'erba.
1081 	 Un uomo con gli occhiali da sole e un cappello da baseball si trova vicino ad un corpo d'acqua.
1089 	 Un ragazzo con una maglietta blu e jeans blu è seduto su una panchina.
1102 	 Un uomo in camicia bianca e pantaloni neri sta giocando a bowling.
1103 	 Un gruppo di persone si riunisce intorno a un tavolo.
1107 	 Un cane marrone che salta in aria per prendere una palla rossa.
1144 	 Una macchina da corsa bianca sta correndo su una pista.
1145 	 Un gruppo di persone si esibisce sul palco.
1155 	 Un gruppo di persone che nuotano in acqua.
1162 	 Una donna con una maglietta bianca e un apron bianco sta cucinando.
1168 	 Un gruppo di persone si riunisce in un parco di divertimento.
1182 	 Un cane bianco e nero che salta in acqua.
1209 	 Un cane bianco e nero salta in aria per prendere una palla rossa.
1212 	 Un uomo che pesca in un fiume.
1271 	 Un uomo e una donna che camminano per strada.
1286 	 Un uomo e una donna sono seduti su un autobus.
1293 	 Un gruppo di persone sta camminando sulla spiaggia.
1351 	 Una donna con i capelli marroni che indossa una camicia bianca e un apron bianco sta cucinando in cucina.
1365 	 Un uomo e una donna sono seduti a un tavolo a mangiare.
1371 	 Un uomo e una donna in posa per una foto.
1378 	 Un surfista fa surf su un'onda nell'oceano.
1382 	 Un uomo e una donna seduti su una panchina.
1478 	 Un uomo e una donna sono seduti su una sedia a rotelle.
1513 	 Un gruppo di persone in piedi su un molo che guarda l'acqua.
1516 	 Un uomo senza camicia sta scalando un albero.
1520 	 Un uomo con un cappello rigido sta lavorando su un pezzo di legno.
1523 	 Un uomo con un cappello da cowboy e un cappello da cowboy si trova di fronte a un negozio
1532 	 Un cane bianco e marrone salta in aria per prendere una palla da tennis.
1616 	 Un uomo con un cappello da cowboy e un cappello da cowboy è seduto su una panchina.
1636 	 Un bambino è seduto su una macchina.
1716 	 Un uomo con una camicia nera e un cappello da baseball si trova di fronte ad un edificio con
1727 	 Due bambini piccoli che giocano con i giocattoli.
1740 	 Un gruppo di persone si riunisce in una strada affollata.
1746 	 Un uomo che si arrampica su una scogliera rocciosa.
1754 	 Un uomo e una donna sono in piedi su un molo vicino all'acqua.
1782 	 Un uomo che fa un trucco su uno skateboard.
1892 	 Un gruppo di persone si riunisce in un parco di divertimento.
1902 	 Un gruppo di bambini che giocano a calcio.
1933 	 Un uomo e una donna saltano in aria su una spiaggia.
1943 	 Un gruppo di persone si riunisce intorno a un tavolo.
1995 	 Un uomo con un cappello bianco e una camicia nera sta guidando una moto rossa.
2006 	 Un uomo e una donna sono seduti su un molo vicino all'acqua.
2089 	 Un gruppo di giocatori di calcio che giocano a calcio su un campo da football.
2145 	 Un uomo e una donna camminano per strada.
2147 	 Un gruppo di persone è in piedi su un ponte di notte.
2177 	 Un uomo in camicia bianca e pantaloni neri si trova di fronte ad un edificio.
2179 	 Un bambino che indossa una maglietta blu e una maglietta blu a maniche lunghe e dei pantaloni blu è
2256 	 Due bambini piccoli sono seduti su una panchina di legno.
2274 	 Un uomo che scia nella neve.
2283 	 Un uomo con un cappello da baseball e un cappello da baseball si trova di fronte ad un edificio.
2312 	 Un cane marrone che corre in un campo.
2324 	 Un cane bianco e nero salta in aria per prendere una palla da tennis.
2326 	 Un bambino che si arrampica su un muro di roccia.
2388 	 Un uomo con un cappello da cowboy e un cappello da baseball si trova di fronte ad un edificio.
2434 	 Un uomo con un cappello da cowboy e un cappello da cowboy sta guidando un cavallo in un rodeo.
2476 	 Un uomo in camicia bianca e pantaloni neri si trova di fronte ad un edificio.
2522 	 Un uomo e una donna in posa per una foto.
2527 	 Una donna con gli occhiali sta cantando al microfono.
2605 	 Un gruppo di persone si riunisce intorno a un mucchio di sabbia.
2662 	 Un gruppo di uomini che lavora in un cantiere.
2737 	 Un gruppo di persone si riunisce in un campo di grano.
2749 	 Un uomo con un cappello blu e una camicia blu sta camminando su un sentiero sporco.
2968 	 Un uomo in camicia bianca sta cucinando in cucina.
3032 	 Un uomo con un cappello da cowboy e un gilet nero suona la chitarra.
3085 	 Un gruppo di persone si riunisce intorno a un fuoco.
3096 	 Un cane nero corre in un campo erboso.
3104 	 Un uomo che fa un salto in bicicletta su una collina.
3105 	 Un gruppo di bambini che nuotano in una piscina.
3115 	 Due donne in posa per una foto.
3175 	 Un gruppo di persone si riunisce intorno a un tavolo.
3180 	 Un gruppo di persone si riunisce intorno a un tavolo.
3197 	 Una donna con un cappotto nero e un cappotto nero con una sciarpa sulla testa.
3203 	 Un uomo che cammina per strada.
3204 	 Un cane bianco e marrone che gioca con un giocattolo in bocca.
3304 	 Un gruppo di persone si riunisce intorno a un gruppo di persone.
3375 	 Un gruppo di persone che camminano in una parata.
3393 	 Un cane bianco e nero che corre in acqua.
3410 	 Un uomo con gli occhiali da sole e gli occhiali da sole è in una piscina.
3423 	 Un uomo e una donna sono seduti su una panchina.
3425 	 Un uomo in cima a una montagna rocciosa.
3434 	 Un uomo con un cappello da cowboy e un cane bianco e marrone che corre sulla spiaggia.
3461 	 Un gruppo suona sul palco.
3493 	 Un uomo e una donna sono seduti su una panchina di fronte a un cartello che dice "The Deep
3498 	 Un uomo con una camicia nera e una donna in camicia nera che si parlano.
3510 	 Un uomo e una donna stanno camminando per strada.
3529 	 Un ragazzo con una maglietta rossa e dei pantaloni blu sta saltando su un set da swing.
3547 	 Un ragazzo con una maglietta rossa e un cappello da baseball è seduto a un tavolo in un ristorante.
3566 	 Una donna in camicia bianca e pantaloni neri cammina per strada.
3631 	 Due cani che giocano nella neve.
3681 	 Una ragazza con i capelli marroni e una camicia rossa è seduta su una sedia a rotelle.
3756 	 Un uomo che fa un salto in acqua.
3821 	 Un snowboarder che fa snowboard su una collina di neve.
3836 	 Un uomo che fa arrampicarsi su una scogliera.
3848 	 Un uomo che nuota in acqua.
3953 	 Due ragazze che giocano a beach volleyball.
3960 	 Un gruppo di persone sedute a un tavolo a mangiare.
3969 	 Due bambini piccoli che giocano con un giocattolo in bocca.
3975 	 Un cane che nuota in acqua.
3977 	 Un uomo con una camicia nera e un cappello da baseball sta lavorando ad un progetto di costruzione.
3979 	 Una donna con un cappello da cowboy e un cappello da cowboy è in piedi su una spiaggia affollata.
3995 	 Un bambino che indossa una maglietta a strisce e una maglietta blu a maniche lunghe sta piangendo.
4011 	 Una donna in camicia bianca e pantaloni neri cammina per strada.
4053 	 Un cane marrone corre sulla spiaggia.
4054 	 Un uomo e una donna in posa per una foto.
4072 	 Un gruppo di persone sedute intorno a un tavolo a mangiare.
4077 	 Un gruppo di persone si trova di fronte ad un edificio di mattoni.
4141 	 Un gruppo di persone si riunisce intorno a un tavolo.
4271 	 Un uomo e una donna sorridono per la telecamera.
4280 	 Un uomo in cima a una montagna.
4351 	 Un uomo e una donna sono seduti su una panchina del parco.
4463 	 Un uomo con un cappello da cowboy e un cappello da cowboy che tiene in mano una bandiera americana.
4480 	 Un uomo con un gilet arancione e un cappello da baseball è in piedi accanto a un treno.
4486 	 Un cane bianco e nero che corre in acqua.
4494 	 Un gruppo di persone si riunisce intorno a un tavolo.
4561 	 Un uomo suona la chitarra e canta.
4605 	 Un uomo suona la chitarra sul palco.
4616 	 Un uomo con un cappello da cowboy e un cappello da baseball si trova di fronte a un muro
4641 	 Un uomo e una donna sono seduti su una sedia a rotelle.
4734 	 Un uomo con una maglietta gialla e un cappello da baseball sta lavorando su un tetto di legno.
4743 	 Un uomo con gli occhiali da sole è seduto in una piscina.
4768 	 Un uomo e una donna in posa per una foto.
4808 	 Un uomo con una camicia nera e pantaloni neri sta lavorando su un pezzo di legno.
4840 	 Un uomo con gli occhiali sta parlando al microfono.
4860 	 Un uomo in camicia bianca e pantaloni neri si trova di fronte ad un edificio.
4906 	 Un cane bianco e nero salta in aria per prendere una palla da tennis.
4917 	 Un gruppo di persone si riunisce intorno a un tavolo.
4960 	 Un cane bianco e nero corre nella neve.
5013 	 Un uomo e una donna in posa per una foto.
5062 	 Un cane bianco e nero corre sull'erba.
5073 	 Un uomo con una maglietta blu e un apron blu sta cucinando in cucina.
5108 	 Un uomo con un cappello da cowboy e un gilet arancione sta lavorando su un tetto.
5162 	 Un uomo e una donna in posa per una foto.
5204 	 Un uomo con un cappello da cowboy e una donna con un cappello da cowboy e una donna con
5214 	 Un uomo con un cappello nero e una camicia nera si trova di fronte a un muro di mattoni.
5224 	 Un gruppo di persone si riunisce intorno a un grande edificio.
5270 	 Un uomo e una donna sono in spiaggia.
5274 	 Un uomo in camicia bianca e pantaloni neri che cammina per strada.
5300 	 Un uomo e una donna sono seduti su una panchina.
5304 	 Un gruppo di persone si riunisce intorno a un fuoco.
5371 	 Un uomo che fa surf su una tavola da surf.
5387 	 Un uomo con un cappello da baseball e una camicia bianca è in piedi accanto a un treno.
5447 	 Un uomo con un cappello da cowboy e un cappello da cowboy sta guidando un carro disegnato a cavallo.
5477 	 Un gruppo di giocatori di calcio che giocano a calcio.
5479 	 Un gruppo di giocatori di calcio che giocano a football.
5515 	 Un gruppo di persone si riunisce intorno a un tavolo di fronte a una folla.
5516 	 Un gruppo di bambini che giocano a calcio.
5522 	 Due giocatori di football che giocano a football.
5550 	 Un uomo con una camicia nera e dei pantaloni neri corre sulla spiaggia.
5553 	 Un gruppo di persone in piedi su una spiaggia rocciosa.
5576 	 Un uomo e una donna in posa per una foto.
5680 	 Un gruppo di persone si esibisce sul palco.
5711 	 Un gruppo di persone sedute intorno a un tavolo a mangiare.
5752 	 Un uomo con un cappello da cowboy e un cappello da cowboy si trova di fronte a un gruppo
5808 	 Un bambino con una maglietta blu e un cappello blu è in un parco giochi.
5950 	 Un cane bianco e nero corre sull'erba.
6043 	 Un gruppo di persone che giocano a calcio.
6049 	 Un uomo in camicia bianca e pantaloni neri sta giocando a tennis.
6055 	 Due giocatori di calcio che giocano a calcio.
6063 	 Un uomo con una camicia bianca e un apron blu che lavora su un pezzo di legno.
6089 	 Un grande cane marrone che corre sulla sabbia.
6110 	 Un uomo che pesca da una barca.
6143 	 Un uomo con un cappello da cowboy e un cappello da cowboy si trova di fronte a un negozio
6151 	 Un uomo con un cappello da cowboy e un cappello da baseball si trova di fronte a un mucchio
6167 	 Un uomo con un gilet arancione e un cappello da baseball si trova di fronte a una folla di
6171 	 Un gruppo di persone sta camminando sulla spiaggia.
6209 	 Un uomo con un ombrello rosso e un ombrello rosso è in piedi su un campo da basket.
6230 	 Un uomo con gli occhiali e una giacca di pelle nera sta guardando un altro uomo che indossa una
6248 	 Un uomo e una donna in posa per una foto.
6257 	 Un uomo e una donna sono seduti su una panchina.
6278 	 Un gruppo di persone si riunisce intorno a un gruppo di persone.
6282 	 Un gruppo di persone si riunisce in un parco.
6304 	 Una donna in camicia nera e occhiali da sole è seduta su una panchina di fronte ad un edificio.
6318 	 Un grande gruppo di persone si riunisce intorno a un cartello di protesta.
6377 	 Un cowboy che guida un cavallo.
6425 	 Un gruppo di persone si riunisce intorno ad un albero di Natale.
6505 	 Un uomo con un gilet arancione e un gilet arancione sta lavorando su un treno.
6533 	 Un uomo con un gilet arancione sta lavorando su un binario ferroviario.
6542 	 Un gruppo di persone si riunisce intorno a un tavolo.
6554 	 Un gruppo di uomini che suonano la chitarra sul palco.
6557 	 Un gruppo di operai edili che lavorano su un treno.
6582 	 Un gruppo di bambini che giocano a calcio.
6586 	 Un cane nero nuota in acqua.
6666 	 Un uomo e una donna camminano per strada.
6767 	 Un uomo con un cappello rigido sta lavorando su un pezzo di metallo.
6791 	 Un uomo con una maglietta gialla e un cappello da baseball sta camminando in acqua poco profonda.
6890 	 Un uomo in bicicletta che fa un trucco in aria.
6896 	 Un gruppo di persone sedute intorno a un tavolo a mangiare.
6902 	 Un gruppo di persone si trova di fronte ad un edificio di mattoni.
6977 	 Una donna con gli occhiali da nuoto e gli occhiali da sole sta nuotando in una piscina.
6990 	 Un bambino che indossa un cappello da cowboy e un cappello da baseball blu è seduto su una panchina.
6992 	 Una donna in camicia bianca e pantaloni neri cammina lungo un sentiero sporco con un bastone in bocca.
7016 	 Una ragazzina con i capelli marroni che indossa una maglietta a strisce bianche e nere che tiene in mano
7044 	 Un gruppo di persone si riunisce in un parco.
7151 	 Un cane marrone che nuota in acqua.
7156 	 Un cane corre sull'erba.
7203 	 Un gruppo di giocatori di football che si prepara a lanciare la palla.
7228 	 Un uomo con un cappello rosso e una camicia rossa è in piedi su un ramo di albero.
7283 	 Un uomo e una donna sono seduti su una panchina.
7317 	 Un gruppo di persone si riunisce intorno a un tavolo.
7330 	 Un uomo in camicia bianca e pantaloni neri cammina per strada.
7355 	 Un uomo con un cappello da baseball e un cappello da baseball è seduto su una roccia vicino a
7376 	 Un uomo e una donna stanno camminando per strada.
7382 	 Un gruppo di persone si riunisce intorno a un tavolo.
7409 	 Un gruppo di persone sedute intorno a un tavolo.
7414 	 Un bambino con una maglietta rossa e dei pantaloni blu sta giocando con una palla rossa.
7421 	 Un uomo con una camicia rossa e un cappello da baseball si trova di fronte a un cartello che
7454 	 Un gruppo di persone sedute a un tavolo a mangiare.
7575 	 Un uomo suona la chitarra e canta.
7608 	 Un grande gruppo di persone si riunisce in una strada affollata.
7610 	 Un ragazzo e una ragazza giocano in acqua poco profonda.
7646 	 Un gruppo di persone che camminano lungo un sentiero di pietra.
7723 	 Un uomo con un cappello da cowboy e un cappello da baseball si trova di fronte ad un edificio.
7843 	 Un gruppo di persone si riunisce in una stazione ferroviaria.
7900 	 Un uomo in camicia bianca e pantaloni neri si trova di fronte a un muro di mattoni.
7974 	 Un gruppo di bambini che giocano nella sabbia.
7978 	 Un cane marrone corre sull'erba.
7979 	 Un gruppo di persone si riunisce intorno a un tavolo.
8039 	 Due uomini che giocano a baseball.
8107 	 Un cane nero corre in un campo erboso.
8115 	 Un gruppo di persone sedute su una barca a remi in acqua.
8117 	 Un gruppo di ciclisti che corrono in una gara.
8194 	 Un gruppo di persone sedute a un tavolo a mangiare.
8238 	 Un uomo e una donna seduti su una panchina.
8268 	 Un gruppo di persone sta camminando lungo un sentiero di pietra.
8303 	 Un cane marrone e un cane marrone che giocano con un giocattolo in bocca.
8339 	 Un uomo e una donna in posa per una foto.
8371 	 Un uomo e una donna sono seduti su una panchina.
8375 	 Un uomo e una donna seduti su un autobus.
8405 	 Un bambino che indossa una maglietta blu e un cappello da baseball è seduto su uno swing.
8507 	 Un uomo e una donna seduti su una roccia in acqua.
8555 	 Un uomo con una maglietta blu e un cappello da baseball si trova in cima a una montagna.
8605 	 Un gruppo di persone sedute a un tavolo in un mercato all'aperto.
8777 	 Un grande gruppo di persone si riunisce intorno a un gruppo di persone.
8913 	 Un uomo e una donna sono seduti su una panchina.
9017 	 Un uomo con una camicia bianca e un cappello da baseball sta lavorando ad un progetto di costruzione.
9038 	 Una ragazza con un vestito rosso e un cappello rosa sta camminando sulla spiaggia.
9079 	 Un uomo e una donna stanno camminando per strada.
9137 	 Un uomo con una camicia nera e pantaloni neri sta giocando a tennis.
9151 	 Un uomo e una donna in posa per una foto.
9154 	 Un uomo e una donna camminano lungo un sentiero di pietra.
9174 	 Una donna con gli occhiali da sole e una maglietta bianca con una maglietta bianca e un cappello da
9272 	 Una ragazzina con un cappello rosa e una maglietta rosa è in piedi su un tronco nei boschi.
9273 	 Una donna con i capelli marroni che indossa una maglietta nera e un uomo con una maglietta nera e
9280 	 Un giocatore di calcio che gioca a calcio.
9291 	 Un cane nero che salta su un ostacolo.
9380 	 Un grande gruppo di persone si riunisce intorno a un tavolo di fronte a un negozio di vestiti.
9451 	 Un uomo con un cappello rigido sta lavorando su un tetto.
9488 	 Un cane bianco e marrone salta in aria per prendere una palla rossa.
9496 	 Un uomo e una donna sono seduti su una panchina di legno.
9578 	 Un cane nero corre in acqua.
9724 	 Un cane nero corre sull'erba.
9734 	 Due bambini che giocano a calcio in un campo.
9747 	 Un gruppo di persone è in piedi su una spiaggia rocciosa.
9758 	 Un cane nero e un cane nero corrono sull'erba.
9774 	 Un ragazzo con una maglietta blu e un cappello da baseball sta giocando con una palla rossa.
9778 	 Un gruppo di persone si riunisce intorno a un monitor di computer.
9819 	 Una ragazza in muta blu sta nuotando in una piscina.
9858 	 Un uomo e una donna sono seduti su una panchina di fronte ad un edificio. <end>
9862 	 Un gruppo di persone si riunisce intorno a un tavolo.
9895 	 Un uomo in camicia bianca e pantaloni neri si trova vicino a un muro di mattoni.
9896 	 Un gruppo di persone in posa per una foto.
9907 	 Un gruppo di persone è in piedi su una roccia vicino ad un corpo d'acqua.
9985 	 Un uomo in camicia bianca e pantaloni neri che gioca a tennis.
10014 	 Un ragazzo con una maglietta bianca e jeans blu sta giocando a bowling.
10033 	 Un bambino che indossa una maglietta a strisce e una maglietta blu a strisce sta piangendo.
10061 	 Un gruppo di persone in posa per una foto di fronte a una montagna.
10078 	 Un uomo e una donna in posa per una foto.
10081 	 Un uomo con un cappello da baseball e una camicia bianca sta lavorando ad un progetto di costruzione.
10084 	 Un cane bianco e nero corre sull'erba.
10133 	 Un uomo e una donna sono seduti a un tavolo a mangiare.
10164 	 Un uomo con una camicia nera e un cappello da baseball è seduto su una panchina di fronte a
10214 	 Un cane nero salta in aria per prendere una palla da tennis.
10219 	 Un uomo con una camicia bianca e jeans blu è in piedi accanto a una finestra di un negozio.
10221 	 Un uomo e una donna sono seduti a un tavolo a mangiare.
10244 	 Un uomo e una donna in posa per una foto.
10266 	 Una donna con gli occhiali da sole e un cappello da cowboy e un cappello da baseball si trova
10291 	 Un cane bianco e marrone corre sull'erba.
10321 	 Un gruppo di persone sedute a un tavolo a mangiare.
10356 	 Una bambina con un vestito rosa e un cappello rosa sta camminando in un campo di fiori gialli.
10363 	 Una sposa e una sposa sono in posa per una foto.
10364 	 Un uomo e una donna in posa per una foto.
10392 	 Un gruppo di persone che camminano lungo un sentiero in un parco.
10436 	 Due ragazze si posano per una foto.
10449 	 Un uomo con una camicia a strisce e jeans blu è seduto su una panchina di fronte a un
10458 	 Due donne che giocano a beach volleyball.
10479 	 Due bambini nuotano in una piscina.
10497 	 Un uomo e una donna che camminano lungo un sentiero in un campo.
10530 	 Un giocatore di hockey che gioca a hockey.
10557 	 Un uomo con un cappello da cowboy e un cappello nero è seduto su una panchina.
10724 	 Un uomo e una donna sono seduti a un tavolo di fronte a un microfono.
10741 	 Un uomo e una donna in posa per una foto.
10746 	 Un gruppo di persone si riunisce intorno a un tavolo a mangiare.
10752 	 Un uomo che fa surf su una tavola da surf.
10792 	 Un uomo con una camicia rossa e jeans blu è in piedi accanto a una finestra di un negozio.
10793 	 Un uomo e una donna sono seduti su una panchina.
10801 	 Due ragazzi che giocano in spiaggia.
10810 	 Un uomo e una donna che camminano per strada.
10871 	 Una persona che fa snowboard su una rampa.
10885 	 Un uomo e una donna in posa per una foto.
10923 	 Una donna in camicia bianca e pantaloni neri cammina per strada.
10932 	 Una donna in camicia rossa e pantaloni neri si trova vicino ad un corpo d'acqua.
10947 	 Due cani che corrono in un campo.
10963 	 Un gruppo di donne che camminano per strada.
10982 	 Un gruppo di persone si riunisce intorno a un tavolo.
11032 	 Un gruppo di persone si sta immergendo in una piscina.
11036 	 Un gruppo di persone si riunisce intorno a un tavolo.
11056 	 Un uomo e una donna in posa per una foto.
11076 	 Un cane nero corre attraverso la neve.
11162 	 Un cane bianco e marrone che salta in aria per prendere una palla da tennis.
11190 	 Un uomo suona la chitarra sul palco.
11208 	 Un uomo con un gilet arancione e un cappello da baseball è in piedi accanto ad un edificio.
11218 	 Un giocatore di basket che gioca a basket.
11244 	 Un uomo e una donna sono seduti su una panchina.
11293 	 Un ragazzo che fa snowboard su una montagna innevata.
11401 	 Un surfista che fa surf su una tavola da surf.
11424 	 Un uomo con un cappello da cowboy sta guidando un cavallo in un rodeo.
11437 	 Un cane bianco corre sulla neve.
11497 	 Un gruppo di persone si riunisce intorno ad un edificio.
11539 	 Un cane bianco e marrone sta dormendo su un divano marrone.
11541 	 Un uomo e una donna in posa per una foto.
11561 	 Un uomo e una donna che giocano nella neve.
11564 	 Un uomo con una camicia bianca e un apron bianco sta cucinando in cucina.
11570 	 Una donna in camicia bianca e pantaloni neri sta giocando a tennis.
11680 	 Un uomo che fa un trucco in aria con la sua skateboard.
11710 	 Un gruppo di persone si riunisce intorno a un tavolo.
11727 	 Un uomo in camicia nera e pantaloni neri si trova di fronte ad un edificio.
11827 	 Un uomo in camicia bianca e pantaloni neri si trova di fronte ad un edificio.
11838 	 Un uomo e una donna che camminano per strada.
11911 	 Un uomo con gli occhiali da sole e un cappello da baseball si trova di fronte a una folla.
11929 	 Un uomo con un cappello nero e una camicia nera sta cantando al microfono.
11945 	 Un uomo che fa un trucco in bicicletta.
11960 	 Un uomo e una donna sono seduti su una panchina.
12004 	 Un grande gruppo di persone si riunisce intorno a un gruppo di persone.
12018 	 Un uomo con un cappello da cowboy e un cappello da cowboy si trova di fronte a un gruppo
12075 	 Due bambini piccoli che giocano con un giocattolo.
12137 	 Un gruppo di bambini che giocano nella neve.
12202 	 Un uomo con una camicia bianca e un cappello da baseball è in piedi accanto a un tavolo pieno
12275 	 Un uomo e una donna sono seduti su un autobus.
12280 	 Un gruppo di persone si riunisce intorno a un tavolo.
12386 	 Un uomo e una donna sono seduti su una roccia vicino a una montagna.
12399 	 Un uomo e una donna sono seduti su una panchina.
12446 	 Un uomo sta scalando un muro di roccia.
12449 	 Un uomo che fa un trucco su una bicicletta.
12467 	 Un cane marrone che corre in un campo.
12483 	 Un uomo in camicia bianca e pantaloni neri cammina per strada.
12507 	 Un uomo con una maglietta blu e un cappello da baseball sta lavorando su un pezzo di metallo.
12509 	 Un uomo e una donna sono seduti su una panchina.
12521 	 Un uomo in camicia nera sta cantando al microfono.
12554 	 Un bambino che gioca con un giocattolo.
12559 	 Un uomo con gli occhiali e una camicia nera sta cucinando in cucina.
12595 	 Un uomo e una donna in posa per una foto.
12614 	 Un gruppo di bambini che giocano a calcio su un campo.
12684 	 Un gruppo di persone che camminano per strada.
12708 	 Un cane bianco e marrone corre attraverso la neve.
12714 	 Un uccello bianco che vola in acqua.
12718 	 Un grande gruppo di persone si riunisce intorno a un gruppo di persone.
12719 	 Una macchina da corsa sta correndo su una pista.
12784 	 Un uomo con una camicia nera e un cappello da baseball sta lavorando ad un progetto di costruzione.
12801 	 Un gruppo di persone si riunisce intorno a un tavolo.
12811 	 Un uomo e una donna sono seduti a un tavolo di fronte a un computer.
12812 	 Un gruppo di giocatori di calcio che giocano a football.
12846 	 Un giocatore di baseball che lancia la palla.
12861 	 Un gruppo di persone si riunisce intorno a un tavolo.
12879 	 Un grande gruppo di persone si riunisce intorno a un tavolo da picnic in una giornata di sole.
12895 	 Un uomo e una donna in piedi su una montagna innevata.
12903 	 Un gruppo di persone si trova di fronte ad un edificio.
12906 	 Un uomo che scia su una montagna innevata.
12931 	 Due ragazze sono sedute a un tavolo a mangiare.
12968 	 Un uomo con un cappello da cowboy e un cappello da cowboy sta guidando un cavallo in un rodeo.
12984 	 Un gruppo di persone si riunisce intorno a un tavolo.
12993 	 Un gruppo di persone si riunisce in una strada affollata.
13059 	 Un uomo e una donna sono seduti su una moto rossa.
13094 	 Due cani corrono sull'erba.
13114 	 Un gruppo di persone si riunisce intorno a un tavolo.
13136 	 Un snowboarder che fa un salto su una collina di neve.
13261 	 Un uomo e una donna sono seduti a un tavolo in un ristorante.
13265 	 Un uomo e una donna sono seduti su una panchina.
13278 	 Un giocatore di tennis che gioca a tennis.
13285 	 Un uomo suona la chitarra sul palco.
13311 	 Un uomo e una donna che camminano per strada.
13323 	 Un uomo con un cappello da cowboy e un cappello da cowboy è seduto su una moto rossa.
13325 	 Un ragazzo che suona la chitarra.
13332 	 Un uomo con una camicia nera e pantaloni neri si trova di fronte ad un edificio.
13347 	 Un gruppo di persone si riunisce intorno a un tavolo.
13351 	 Un cane bianco e nero corre sull'erba.
13420 	 Un cane bianco e nero che corre in un campo.
13447 	 Un gruppo di bambini che giocano in acqua.
13477 	 Un cane marrone e un cane marrone corrono lungo un sentiero di pietra.
13495 	 Un gruppo di persone si riunisce intorno a un grande gruppo di persone.
13583 	 Un uomo con una maglietta gialla e dei pantaloni blu sta giocando a tennis.
13597 	 Due bambine sono sedute su una panchina.
13654 	 Un gruppo di bambini che giocano a basket.
13668 	 Un uomo e una donna che camminano lungo un sentiero in un campo.
13670 	 Un gruppo di persone si esibisce sul palco.
13671 	 Un uomo che fa un salto in aria su un mucchio di foglie.
13673 	 Un uomo e una donna stanno camminando per strada.
13760 	 Un uomo che fa un trucco su uno skateboard.
13779 	 Una donna che gioca a beach volleyball.
13788 	 Un motociclista che fa un salto su una collina.
13796 	 Una giovane donna con i capelli marroni è seduta su una sedia a rotelle.
13861 	 Un cane bianco e nero che salta su un letto.
13876 	 Una ragazzina che gioca con un hula hoop.
13892 	 Un uomo che fa un trucco su una rampa.
13895 	 Un uomo con una camicia nera e un cappello da baseball sta tagliando un pezzo di legno.
13943 	 Un uomo e una donna stanno camminando per strada.
13956 	 Una ragazza che fa un salto in aria.
13978 	 Un uomo che si arrampica su un albero.
14001 	 Un cane nero salta su un ostacolo.
14029 	 Due giocatori di calcio che giocano a calcio.
14059 	 Un gruppo di persone si riunisce intorno a un tavolo.
14065 	 Un cane bianco e nero salta su un ostacolo.
14098 	 Un uomo in camicia bianca e pantaloni neri sta giocando a calcio.
14118 	 Un cane bianco e marrone corre sull'erba.
14199 	 Un gruppo di persone si riunisce intorno a un muro di graffiti.
14210 	 Un uomo che fa un trucco su uno skateboard.
14222 	 Un cane nero corre in un cortile coperto.
14247 	 Un uomo e una donna stanno camminando per strada.
14258 	 Un cane bianco che corre in acqua.
14275 	 Un uomo con un cappello da cowboy e un cappello da cowboy si trova di fronte a un muro
14291 	 Una bambina che gioca con una palla da calcio.
14303 	 Un uomo in camicia bianca e pantaloni neri si trova di fronte a una folla di persone.
14388 	 Un gruppo di bambini che giocano in spiaggia.
14392 	 Una donna che suona la chitarra e canta.
14430 	 Un gruppo di cani che giocano nella neve.
14585 	 Un uomo con una camicia nera e jeans blu è in piedi accanto a una bancarella di frutta.
14686 	 Un gruppo di persone si trova di fronte ad un edificio di mattoni.
14743 	 Una ragazza in un campo di erba verde e un cane bianco e nero che corre sull'erba.
14763 	 Un uomo con un cappello da cowboy e una camicia nera sta cantando al microfono.
14766 	 Un uomo e una donna camminano lungo un sentiero di pietra.
14821 	 Una ragazzina con una maglietta bianca e dei pantaloni blu sta giocando con un giocattolo.
14824 	 Un uomo e una donna in posa per una foto.
14836 	 Un grande gruppo di persone si riunisce intorno a un tavolo.
14842 	 Un uomo e una donna stanno camminando per strada.
14861 	 Un uomo e una donna sono seduti a un tavolo in un ristorante.
14887 	 Un gruppo di persone si riunisce intorno a un tavolo.
14896 	 Una macchina da corsa sta correndo su una pista.
14898 	 Un gruppo di persone si riunisce intorno a un tavolo.
14904 	 Un uomo e una donna sono seduti a un tavolo a mangiare.
14913 	 Due giocatori di calcio che giocano a calcio.
14918 	 Un uomo con il casco rosso sta guidando una bicicletta.
14938 	 Un uomo in piedi su una tavola da surf in acqua.
14998 	 Un uomo con un cappello da cowboy e un cappello da cowboy sta guidando un cavallo in un campo.
15037 	 Due ragazze sono sedute su un tronco d'albero.
15129 	 Un motociclista che fa un salto in bicicletta.
15136 	 Un uomo che fa un trucco su una tavola da surf.
15159 	 Un gruppo di persone si riunisce intorno a un tavolo.
15204 	 Un uomo sta guidando una bicicletta.
15223 	 Un uomo che suona la chitarra e canta.
15246 	 Due bambini giocano in una piscina.
15291 	 Un gruppo di persone si trova di fronte ad un edificio di mattoni.
15296 	 Un uomo con un cappello rosso e una camicia rossa sta facendo una foto.
15329 	 Un uomo e una donna camminano per strada.
15465 	 Un uomo e una donna sono seduti su una panchina.
15481 	 Una giovane donna con una maglietta blu e una gonna nera tiene in braccio un bambino.
15506 	 Un uomo e una donna in posa per una foto.
15547 	 Un gruppo di persone si riunisce intorno a un grande edificio.
15574 	 Una donna in camicia bianca e pantaloni neri cammina per strada.
15582 	 Un uomo in camicia bianca e pantaloni neri sta giocando a tennis.
15596 	 Un uomo in camicia bianca e pantaloni neri si trova di fronte ad un edificio.
15610 	 Una donna con gli occhiali da sole e una camicia bianca e un cappello da baseball si trova di
15616 	 Due giocatori di calcio che giocano a calcio.
15633 	 Una donna con gli occhiali da sole è seduta a un tavolo con un bicchiere di vino.
15636 	 Una donna con i capelli rossi e una camicia nera sta mangiando un panino.
15638 	 Un gruppo di persone si riunisce intorno a un gruppo di persone.
15693 	 Un bambino che gioca a calcio.
15701 	 Un bambino con una maglietta blu sta piangendo.
15710 	 Un uomo che suona la chitarra.
15716 	 Un uomo con un cappello da cowboy e un cappello da baseball si trova di fronte a una folla.
15733 	 Un uomo senza camicia sta giocando a tennis.
15795 	 Un uomo e una donna camminano lungo un sentiero di pietra.
15800 	 Un uomo e una donna che camminano per strada.
15825 	 Un cane nero corre in un campo erboso.
15851 	 Un uomo sta guidando una bicicletta su una strada sterrata.
15889 	 Un uomo che fa un trucco su una bicicletta.
15967 	 Un uomo con un cappello da baseball e un cappello da baseball sta nuotando in acqua.
15975 	 Un uomo con gli occhiali da sole che suona la chitarra.
15989 	 Un uomo con un cappello rigido e un cappello rigido sta lavorando su un binario ferroviario.
15994 	 Un uomo in camicia bianca e pantaloni neri si trova di fronte ad un edificio.
16001 	 Un uomo e una donna in posa per una foto.
16042 	 Un cane che gioca con un giocattolo in bocca.
16103 	 Un uomo che fa un trucco su una bicicletta.
16134 	 Un uomo e una donna stanno camminando sulla spiaggia.
16175 	 Un uomo e una donna stanno camminando per strada.
16208 	 Un uomo e una donna sono seduti su una panchina del parco.
16220 	 Un uomo con una camicia rossa e un cappello da baseball si trova di fronte ad un edificio.
16221 	 Un uomo senza camicia si sta immergendo in una piscina.
16296 	 Un uomo con un cappello da cowboy e un cappello da baseball si trova di fronte a un muro
16353 	 Un uomo con una camicia bianca e un cappello da baseball è seduto su una panchina di fronte a
16365 	 Un uomo e una donna camminano per strada.
16376 	 Un gruppo di bambini che giocano a calcio.
16394 	 Una donna in camicia bianca e pantaloni neri si trova di fronte a un muro di pietra.
16412 	 Un uomo e una donna sono seduti su una panchina.
16414 	 Un gruppo di persone che camminano lungo una strada della città.
16434 	 Due giocatori di calcio che giocano a calcio.
16469 	 Un uomo e una donna seduti su una panchina del parco.
16511 	 Un cane che nuota in acqua.
16526 	 Un uomo con un cappello da cowboy e un cappello da cowboy sta guidando un veicolo rosso su una
16531 	 Un uomo in camicia bianca e pantaloni neri si trova di fronte a un furgone bianco e nero.
16541 	 Un uomo suona la chitarra e canta.
16552 	 Un uomo con un cappello da cowboy e un cappello da cowboy si trova di fronte ad un edificio.
16590 	 Un gruppo di persone si riunisce intorno a un tavolo di fronte a un grande edificio.
16632 	 Un uomo e una donna sono seduti su una panchina.
16650 	 Un gruppo di persone si riunisce intorno a un tavolo.
16653 	 Un gruppo di persone si riunisce intorno a un camion di spazzatura.
16655 	 Un gruppo di persone si riunisce intorno a un tavolo.
16664 	 Un uomo con una camicia rossa e dei pantaloni neri si trova di fronte ad un edificio di mattoni.
16679 	 Un gruppo di persone si riunisce intorno a un tavolo.
16695 	 Un gruppo di persone in bicicletta su una collina.
16709 	 Un bambino che indossa una maglietta blu e una maglietta blu a strisce e jeans blu con una maglietta
16726 	 Un gruppo di persone è seduto su una barca in acqua.
16775 	 Un uomo e una donna sono seduti a un tavolo di fronte a un microfono.
16799 	 Un uomo in camicia bianca e pantaloni neri si arrampica su un albero.
16808 	 Un gruppo di persone è seduto su una barca a vela in acqua.
16811 	 Un uomo e una donna in posa per una foto.
16819 	 Due bambini giocano in spiaggia.
16917 	 Un gruppo di persone si riunisce intorno a un grande edificio.
16923 	 Un bambino che mangia un cono gelato.
16933 	 Un gruppo di persone si riunisce intorno a un tavolo.
16972 	 Un gruppo di persone che camminano lungo una strada di mattoni.
17003 	 Due cani che giocano nella neve.
17027 	 Un uomo e una donna sono seduti su una panchina.
17030 	 Una donna con i capelli marroni e una camicia nera è in piedi accanto a un cane bianco e
17041 	 Un gruppo di persone sta camminando per strada.
17095 	 Due giocatori di basket che giocano a basket.
17114 	 Un uomo in mutande sta giocando con una palla da calcio sulla spiaggia.
17212 	 Un uomo suona la chitarra e canta.
17216 	 Un gruppo di persone si riunisce intorno a un tavolo.
17243 	 Un uomo in camicia bianca e pantaloni neri sta dormendo su una sedia di fronte ad un edificio.
17264 	 Un uomo e una donna sono seduti a un tavolo in un ristorante.
17267 	 Un cane bianco e nero salta in aria per prendere una palla da tennis.
17302 	 Un uomo e una donna sono seduti a un tavolo a mangiare.
17309 	 Un gruppo di persone in piedi su una collina innevata.
17337 	 Un bambino è seduto su una roccia vicino ad un corpo d'acqua.
17410 	 Un uomo in camicia nera e pantaloni neri sta camminando per strada.
17475 	 Un gruppo di persone che camminano lungo una strada della città.
17561 	 Un cane che corre nella neve.
17592 	 Un uomo in camicia bianca e pantaloni neri sta giocando a tennis.
17598 	 Due giocatori di hockey che giocano a hockey.
17645 	 Un grande gruppo di persone si riunisce in una strada affollata.
17683 	 Un gruppo di donne vestite di bianco e rosso che si esibiscono.
17686 	 Un uomo con un cappello da cowboy e un cappello da cowboy sta guidando un cavallo.
17713 	 Un uomo suona la chitarra sul palco.
17749 	 Un uomo con un gilet arancione sta lavorando su un treno.
17828 	 Un gruppo di persone è in piedi su una roccia vicino all'acqua.
17835 	 Un gruppo di persone si riunisce intorno ad un fuoco.
17885 	 Un cane nero che salta su una collina di neve.
17892 	 Un gruppo di persone che si arrampica su un muro di roccia.
17914 	 Un uomo con un cappello da baseball e un cappello da baseball sta tagliando un pezzo di carne.
17926 	 Un uomo con un cappello da cowboy e una camicia a strisce e una donna con un cappello da
17929 	 Un uomo con gli occhiali e una camicia a strisce si siede accanto ad un altro uomo che indossa
17956 	 Un gruppo di persone si riunisce intorno ad un edificio di mattoni.
18024 	 Un uomo con un cappello da cowboy e un cappello da baseball è seduto su una panchina.
18031 	 Un gruppo di persone si riunisce intorno a un tavolo.
18047 	 Un uomo e una donna stanno camminando per strada.
18085 	 Un gruppo di persone si riunisce intorno a un treno.
18126 	 Un gruppo suona sul palco.
18127 	 Un gruppo di persone si riunisce in una stanza buia.
18182 	 Un uomo con un cappello da baseball e una camicia nera è seduto a un tavolo in un ristorante.
18384 	 Un uomo con un cappello rigido sta lavorando su un pezzo di legno.
18440 	 Un uomo e una donna sono seduti a un tavolo a mangiare.
18464 	 Un uomo con una camicia bianca e un apron bianco sta tagliando un pezzo di legno.
18504 	 Un bambino che gioca a pallavolo in una partita di basket.
18576 	 Un uomo con un cappello nero e una camicia nera è seduto su una panchina vicino ad un corpo
18599 	 Un uomo e un cane che giocano nella neve.
18618 	 Un gruppo di persone si esibisce sul palco.
18622 	 Due ragazze che giocano a dama in una palestra.
18630 	 Due ragazze giocano a pallavolo in spiaggia.
18692 	 Un uomo suona la chitarra e canta.
18700 	 Un uomo e una donna sono seduti su una sedia di fronte a un computer.
18740 	 Un uomo con un cappello da cowboy e un cappello da cowboy è seduto su una sedia a rotelle
18760 	 Un uomo e una donna stanno camminando su una strada innevata.
18813 	 Un gruppo di persone si trova di fronte a un gruppo di persone.
18849 	 Un giocatore di hockey che indossa una maglietta rossa e bianca e nera sta per lanciare la palla.
18854 	 Un gruppo di giocatori di football che si prepara a lanciare la palla.
18890 	 Un gruppo di persone si esibisce sul palco.
18905 	 Un uomo e una donna in posa per una foto.
18916 	 Una bambina con un vestito rosa e un vestito bianco sta camminando lungo un sentiero di pietra.
18952 	 Un uomo e una donna in posa per una foto.
18956 	 Un gruppo di ballerini si esibisce sul palco.
18959 	 Un uomo e una donna stanno camminando per strada.
18974 	 Un gruppo di uomini che suonano la chitarra sul palco.
18983 	 Un gruppo di persone è seduto su una barca in acqua.
19063 	 Un gruppo di persone si trova di fronte ad un edificio di mattoni.
19070 	 Un gruppo di persone si riunisce intorno a un tavolo.
19141 	 Un gruppo di persone che suonano strumenti.
19163 	 Un uomo con gli occhiali da sole e una camicia nera si trova di fronte a una folla.
19165 	 Un ragazzo con una maglietta blu e dei pantaloni blu sta giocando con una palla rossa.
19170 	 Un uomo e una donna sono seduti su una panchina.
19175 	 Un gruppo di persone che camminano lungo una strada della città.
19180 	 Un gruppo di persone si riunisce intorno a un tavolo da picnic in una strada affollata.
19253 	 Un uomo con gli occhiali da sole e una camicia nera sta parlando con un uomo in maglietta blu.
19273 	 Un uomo con un cappello da cowboy e un cappello da cowboy si trova di fronte a una folla.
19441 	 Un gruppo di persone che camminano sul marciapiede vicino ad un edificio.
19485 	 Un uomo e una donna sono seduti su un divano marrone.
19486 	 Un uomo e una donna stanno camminando per strada.
19530 	 Un gruppo di persone è in piedi su una strada sporca.
19541 	 Un uomo in camicia bianca e pantaloni neri che lavora su un pezzo di metallo.
19544 	 Un gruppo di persone che camminano per strada.
19548 	 Un uomo e una donna camminano lungo un sentiero in un parco.
19558 	 Un uomo con una maglietta blu e un cappello da baseball è in piedi accanto a un treno.
19618 	 Un bambino è seduto su una panchina di fronte a un muro blu.
19629 	 Un uomo in camicia bianca e pantaloni neri si trova di fronte a un negozio di liquori.
19645 	 Un uomo senza camicia che indossa un cappello da cowboy e un cappello da cowboy e un cappello da
19652 	 Un uomo con un cappello da cowboy e un gilet nero è in piedi accanto ad un edificio.
19688 	 Un uomo e una donna stanno camminando per strada.
19731 	 Un gruppo di persone è in un mercato di frutta e verdura in un mercato.
19739 	 Un uomo e una donna che camminano per strada.
19743 	 Un uomo e una donna che camminano per strada.
19804 	 Un uomo con un cappello da cowboy e un cappello da cowboy si trova di fronte a un gruppo
19824 	 Un cane che salta in aria per prendere una palla da calcio.
19875 	 Un gruppo di persone si riunisce in una stazione ferroviaria.
19882 	 Un bambino con i capelli marroni che indossa una maglietta blu leggera e un cappello da baseball sta piangendo.
19905 	 Un gruppo di persone si trova di fronte ad un edificio di mattoni.
19915 	 Una donna con un ombrello rosso e un ombrello rosso cammina per strada.
19925 	 Un gruppo di uomini che giocano a baseball.
19942 	 Un uomo con una giacca blu e un cappello blu è seduto su una panchina.
19956 	 Un gruppo di persone si riunisce intorno ad un albero.
19969 	 Un uomo e una donna stanno camminando per strada.
20040 	 Un uomo e una donna in posa per una foto.
20058 	 Un uomo in camicia bianca e pantaloni neri si trova di fronte a un negozio. <end>
20098 	 Un gruppo di persone che camminano lungo una strada di notte.
20109 	 Un uomo con un cappello rosso e una camicia rossa sta camminando per strada.
20129 	 Un gruppo di persone si trova di fronte ad un edificio.
20138 	 Un uomo con un cappello da cowboy e una maglietta a strisce si trova di fronte a un muro
20146 	 Un uomo con un cappello nero e una camicia nera è seduto su una panchina di fronte a un
20165 	 Un uomo con gli occhiali da sole e un cappello da baseball si trova di fronte ad un edificio.
20166 	 Un gruppo di persone si riunisce intorno a un tavolo.
20171 	 Un gruppo di persone si riunisce intorno a un tavolo.
20198 	 Un uomo e una donna stanno camminando per strada.
20284 	 Un uomo e una donna in posa per una foto.
20361 	 Un uomo e una donna camminano lungo un sentiero di pietra.
20382 	 Un uomo con una camicia rossa e un cappello da baseball sta giocando con una palla rossa.
20401 	 Un uomo con un cappello da cowboy e un cappello da cowboy si trova di fronte a un negozio
20402 	 Un gruppo di persone si riunisce intorno a un tavolo.
20439 	 Un gruppo di giocatori di football che si prepara a lanciare la palla.
20478 	 Un bambino in camicia rossa sta giocando con una palla da calcio.
20483 	 Un uomo con una camicia nera e un cappello da baseball si trova di fronte a una bancarella di
20495 	 Una donna in camicia nera e pantaloni neri si trova di fronte a una folla di persone.
20550 	 Un grande gruppo di persone si riunisce in un parco.
20598 	 Una donna in camicia nera e pantaloni neri cammina per strada.
20711 	 Una donna con gli occhiali da sole e una camicia nera si trova di fronte ad un albero di
20720 	 Un gruppo di persone si riunisce intorno a un tavolo.
20736 	 Una donna in camicia bianca e pantaloni neri cammina per strada.
20838 	 Un gruppo di bambini che giocano a basket.
20853 	 Un gruppo di persone si riunisce in una parata.
20878 	 Un uomo e una donna sono seduti a un tavolo a mangiare.
20920 	 Un uomo in camicia bianca e pantaloni neri che si prepara a tagliare un pezzo di legno.
21091 	 Un gruppo di persone che camminano per strada.
21128 	 Un uomo con gli occhiali da sole e una camicia nera sta cantando al microfono.
21130 	 Un uomo in camicia nera e pantaloni neri cammina per strada.
21147 	 Un cane che salta in aria per prendere una palla.
21179 	 Una donna in camicia bianca e pantaloni neri si trova di fronte ad un edificio.
21221 	 Un gruppo di persone è in piedi su un molo in una giornata di sole.
21237 	 Due donne in mutande che nuotano in spiaggia.
21260 	 Un uomo in camicia bianca e pantaloni neri si trova di fronte a un camion di gelati.
21267 	 Un uomo e una donna sono seduti a un tavolo in un ristorante.
21295 	 Un gruppo di persone che camminano lungo una strada affollata.
21308 	 Un gruppo di persone che si esibiscono sul palco.
21336 	 Una ragazzina con una maglietta blu e un cappello da baseball è in piedi accanto a una donna con
21371 	 Un gruppo di persone si riunisce in una stazione ferroviaria.
21377 	 Un uomo e una donna stanno facendo una foto di fronte a una folla.
21414 	 Un uomo e una donna che camminano per strada.
21441 	 Un uomo in camicia nera e pantaloni neri cammina lungo un sentiero in un parco.
21478 	 Un uomo con un cappello da cowboy e un cappello da cowboy è seduto su un cavallo marrone.
21482 	 Un uomo in camicia bianca e pantaloni neri si trova di fronte ad un edificio.
21484 	 Un uomo con gli occhiali da sole sta parlando al cellulare.
21513 	 Un gruppo di persone si riunisce intorno a un tavolo.
21545 	 Un bambino sta dormendo su una panchina.
21565 	 Un uomo senza camicia che indossa una camicia nera e dei pantaloni neri sta giocando a pallavolo in una
21575 	 Un uomo e una donna in posa per una foto.
21612 	 Un uomo che fa un salto in bicicletta su un sentiero sporco.
21625 	 Una donna in camicia bianca e pantaloni neri sta giocando a tennis.
21639 	 Un gruppo di persone sta camminando lungo una strada vicino ad un edificio di mattoni.
21653 	 Un uomo con gli occhiali da sole e una camicia nera si trova di fronte ad un edificio.
21671 	 Un uomo e una donna seduti su una panchina.
21678 	 Un gruppo di persone si trova di fronte ad un edificio.
21687 	 Un uomo in maglietta blu e pantaloni neri sta giocando a tennis.
21717 	 Un uomo e una donna camminano per strada.
21727 	 Un gruppo di persone si riunisce intorno a un tavolo.
21913 	 Un gruppo di persone si riunisce intorno a un tavolo.
21951 	 Un gruppo di persone che camminano lungo una strada della città.
22003 	 Un gruppo di persone si trova di fronte a una folla di persone.
22038 	 Un uomo con un cappello da cowboy e un cappello da cowboy e un cappello da cowboy sta guidando
22099 	 Un gruppo di persone si riunisce in una parata.
22152 	 Un uomo e una donna camminano lungo una strada di pietra.
22182 	 Una donna con una maglietta blu e jeans blu è in piedi accanto ad un albero di Natale.
22185 	 Un gruppo di persone si riunisce in un parco di divertimento.
22186 	 Un gruppo di persone sta camminando sulla spiaggia.
22187 	 Un uomo con una camicia nera e jeans blu è seduto su una panchina di fronte ad un edificio.
22213 	 Un gruppo di bambini che giocano a beach volleyball.
22216 	 Un grande gruppo di persone si riunisce intorno a un tavolo.
22228 	 Un uomo con gli occhiali da sole e un cappello da baseball si trova vicino ad un autobus.
22261 	 Un uomo in camicia nera e pantaloni neri cammina per una strada di notte.
22291 	 Un uomo e una donna in posa per una foto.
22295 	 Un uomo e una donna seduti su un divano rosso.
22326 	 Un gruppo di persone si riunisce intorno a una recinzione di legno.
22455 	 Un gruppo di persone in kayak in acqua.
22477 	 Un gruppo di persone si riunisce intorno ad un albero.
22638 	 Un gruppo di persone si riunisce intorno a un edificio di mattoni.
22639 	 Un uomo e una donna in posa per una foto.
22642 	 Una sposa e una sposa sono in posa per una foto.
22712 	 Un cane bianco e nero salta in acqua.
22736 	 Un gruppo di persone che camminano lungo un sentiero di pietra.
22738 	 Un uomo in camicia nera e pantaloni neri si trova di fronte ad un edificio.
22747 	 Un gruppo di persone si riunisce intorno ad un edificio di mattoni.
22772 	 Un uomo e una donna seduti su una panchina.
22811 	 Un uomo senza camicia che salta in una piscina.
22818 	 Un uomo in camicia bianca e pantaloni neri si trova di fronte a un muro di mattoni.
22827 	 Un uomo con un cappello da cowboy e un cappello da cowboy si trova di fronte a un camion
22834 	 Un gruppo di persone si riunisce in una strada affollata.
22859 	 Un uomo sta guidando una bicicletta su una strada sterrata.
22872 	 Un uomo e una donna stanno camminando per strada.
22880 	 Un gruppo di persone sedute intorno a un tavolo.
22889 	 Un gruppo di persone sedute a un tavolo a mangiare.
22916 	 Un gruppo di persone che camminano lungo una strada della città.
22936 	 Un uomo con un cappello da cowboy e un cappello da cowboy è seduto su una panchina.
23038 	 Un uomo e una donna stanno camminando per strada.
23093 	 Un gruppo di persone in posa per una foto.
23151 	 Un gruppo di persone che camminano per strada. <end>
23194 	 Un uomo e una donna sono seduti su una panchina.
23219 	 Un uomo e una donna camminano per strada.
23238 	 Un gruppo di persone si riunisce in un parco di divertimento.
23283 	 Un uomo e una donna sono seduti su una panchina del parco.
23322 	 Un uomo con gli occhiali da sole e un cappello da baseball si trova di fronte ad un edificio.
23372 	 Un ragazzo con una maglietta blu e dei pantaloni blu sta camminando sulla spiaggia.
23476 	 Due ragazze che camminano per strada.
23499 	 Un mercato di frutta e verdura in un mercato.
23531 	 Un uomo con gli occhiali e un cappello da baseball è seduto a un tavolo in un ristorante.
23598 	 Un gruppo di persone che camminano per strada.
23606 	 La gente che compra in un negozio.
23657 	 Un uomo e una donna seduti su una sedia a rotelle.
23693 	 Un uomo in camicia bianca e pantaloni neri si trova di fronte ad un edificio.
23721 	 Un uomo e una donna stanno facendo una foto.
23745 	 Un uomo con un cappello da baseball e un cappello da baseball sta giocando a tennis.
23785 	 Un uomo con un cappello da cowboy e un cappello da cowboy si trova di fronte a un gruppo
23868 	 Un uomo e una donna in posa per una foto.
23882 	 Un uomo con un cappello da cowboy e un cappello da baseball si trova di fronte ad un edificio.
23889 	 Un uomo in camicia nera e pantaloni neri che suona la chitarra.
23918 	 Un gruppo di persone in posa per una foto.
23945 	 Una donna in camicia nera e pantaloni neri sta camminando per strada.
23953 	 Un gruppo di persone che camminano lungo un sentiero di pietra.
23968 	 Un grande gruppo di persone si trova di fronte ad un edificio di mattoni.
23998 	 Un uomo con un cappello rosso e una camicia rossa è in piedi accanto ad un altro uomo con
24041 	 Un gruppo di operai edili che lavorano in un cantiere.
24045 	 Un uomo con un cappello da cowboy e un cappello da cowboy è seduto su una panchina di legno.
24106 	 Un uomo e una donna sono seduti su una panchina.
24150 	 Un uomo in camicia bianca e pantaloni neri è in piedi accanto a un furgone bianco.
24152 	 Una donna in camicia bianca e occhiali da sole si trova vicino ad un albero.
24217 	 Un gruppo di persone si siede su una panchina di fronte ad un edificio.
24232 	 Un uomo e una donna che camminano sulla spiaggia.
24251 	 Un gruppo di persone che camminano lungo un sentiero di pietra.
24307 	 Un grande cane marrone corre sull'erba.
24314 	 Un uomo che fa un trucco sulla sua skateboard su una rampa.
24341 	 Un gruppo di persone si riunisce intorno a un tavolo.
24365 	 Un uomo con gli occhiali da sole e un cappello nero è seduto su una panchina.
24370 	 Un gruppo di persone si trova di fronte ad un edificio di mattoni.
24395 	 Un uomo e una donna sono seduti a un tavolo a mangiare.
24443 	 Un gruppo di persone si trova vicino ad un corpo d'acqua.
24490 	 Una donna in camicia nera e pantaloni neri è seduta su una panchina.
24520 	 Un gruppo di persone sta guidando cavalli a cavallo.
24568 	 Un uomo e una donna stanno camminando per strada.
24574 	 Un bambino che gioca in una piscina.
24614 	 Un uomo con un cappello da cowboy e un cappello da baseball è seduto su una sedia a rotelle.
24642 	 Un uomo e una donna in posa per una foto.
24649 	 Un uomo con un cappello da baseball e un cappello da baseball si trova di fronte ad un edificio.
24666 	 Un gruppo di persone che camminano lungo una strada della città.
24706 	 Un uomo con una camicia rossa e un cappello da baseball si trova vicino ad un albero.
24755 	 Un uomo in camicia nera e pantaloni neri si trova di fronte ad un edificio.
24808 	 Un uomo con un cappello da baseball e una maglietta blu è in piedi accanto a un cartello che
24819 	 Un uomo e una donna sono seduti su una panchina.
24877 	 Un uomo con un cappello da cowboy e un cappello da cowboy è seduto su una panchina del parco.
24885 	 Un uomo e una donna in posa per una foto.
24905 	 Un uomo che pesca da un molo in una giornata di sole.
24925 	 Un uomo è seduto su una panchina di fronte ad un edificio con un cartello di stop.
24960 	 Un gruppo di persone che camminano lungo una strada di mattoni con un edificio di mattoni.
24966 	 Un uomo con una maglietta gialla e jeans blu è in piedi su un pavimento di legno.
25006 	 Un uomo con un cappello da cowboy e un cappello da cowboy si trova di fronte a un muro
25007 	 Un uomo e una donna sono seduti su una panchina.
25023 	 Un cane bianco e nero corre sull'erba.
25033 	 Un giocatore di football che indossa una maglietta blu e bianca a strisce bianche e nere.
25077 	 Un uomo e una donna sono seduti su una panchina.
25142 	 Un gruppo di persone si riunisce intorno a un tavolo.
25154 	 Due bambini piccoli che giocano con i giocattoli.
25165 	 Un uomo senza camicia che indossa una camicia bianca e dei pantaloni neri sta giocando a tennis.
25194 	 Un gruppo di persone è in piedi su un molo in un lago.
25199 	 Un uomo e una donna sono seduti su una panchina.
25205 	 Un grande gruppo di persone si riunisce in una strada affollata.
25208 	 Un uomo in camicia rossa sta guidando una bicicletta.
25226 	 Un gruppo di persone si riunisce intorno a un tavolo.
25295 	 Un uomo in camicia bianca e pantaloni neri si trova di fronte ad un edificio.
25355 	 Due uomini che giocano a calcio.
25363 	 Un gruppo di persone si riunisce intorno a un fuoco.
25368 	 Un gruppo di persone si riunisce in una piscina.
25458 	 Un mercato di frutta e verdura in un mercato.
25547 	 Un gruppo di operai edili che lavorano su una strada sterrata.
25552 	 Un gruppo di persone si riunisce intorno a un tavolo.
25571 	 Due ragazze che giocano a beach volleyball.
25585 	 Un uomo e una donna sono seduti su una panchina di legno.
25652 	 Un gruppo di persone sta guidando una bicicletta in una palestra.
25731 	 Un gruppo di bambini che giocano in un parco giochi.
25732 	 Un uomo e una donna sono seduti a un tavolo a mangiare.
25757 	 Un uomo con un cappello da cowboy e una maglietta blu sta guidando una bicicletta.
25762 	 Un uomo con un cappello blu e una camicia blu sta lavorando su un pezzo di legno.
25778 	 Un uomo e una donna seduti su una collina di neve.
25802 	 Un uomo e una donna sono seduti a un tavolo a mangiare.
25811 	 Un uomo con un cappello da cowboy e un cappello da baseball si trova di fronte a un gruppo
25866 	 Un uomo con un cappello blu e una maglietta blu sta scalando un muro di roccia.
25883 	 Un uomo e una donna sono seduti a un tavolo a mangiare.
25902 	 Un uomo e una donna in posa per una foto.
25903 	 Un uomo e una donna sono seduti a un tavolo a mangiare.
25907 	 Un bambino con i capelli marroni che indossa una maglietta bianca e un cappello da baseball sta piangendo.
25942 	 Un uomo in bicicletta su una strada sterrata.
25993 	 Un bambino che dorme su un letto.
26019 	 Un uomo e una donna sono seduti su una panchina.
26074 	 Un gruppo di persone che camminano lungo una strada della città.
26141 	 Un uomo con una giacca di pelle nera e un cappello nero è seduto accanto a una donna con
26161 	 Due giocatori di calcio che giocano a calcio.
26186 	 Un uomo e una donna sono seduti su un albero di fronte a un albero.
26253 	 Un cane bianco e nero corre sull'erba.
26268 	 Un uomo che suona la chitarra sul palco.
26295 	 Un snowboarder che fa snowboard su una pendenza ricoperta di neve.
26316 	 Un gruppo di persone che camminano lungo una strada della città.
26335 	 Una donna in camicia nera e pantaloni neri si trova di fronte ad un edificio.
26389 	 Una ragazza con i capelli biondi e una camicia bianca sta tagliando un pezzo di legno.
26416 	 Una donna con i capelli marroni che indossa una camicia nera e una collana di perle sta sorridendo.
26450 	 Un snowboarder che fa snowboard su una collina di neve.
26463 	 Un uomo con un cappello da cowboy sta guidando un cavallo in un rodeo.
26483 	 Una donna in camicia nera e occhiali da sole è seduta a un tavolo con una tazza di caffè.
26578 	 Un uomo con un cappello da baseball e una camicia bianca e un cappello da baseball si trova di
26609 	 Un uomo in camicia bianca e pantaloni neri si trova di fronte ad un edificio.
26632 	 Un uomo con gli occhiali da sole e una camicia rossa sta suonando la chitarra.
26673 	 Un uomo con una camicia rossa e un cappello da baseball si trova vicino ad un corpo d'acqua.
26756 	 Un uomo con una camicia nera e jeans blu è seduto su una panchina del parco.
26781 	 Un gruppo di persone si riunisce intorno a un tavolo.
26791 	 Un uomo in camicia bianca e pantaloni neri si trova di fronte ad un albero di Natale.
26798 	 Un gruppo di persone sedute a un tavolo a mangiare.
26811 	 Un uomo e una donna stanno camminando per strada.
26841 	 Un uomo e una donna sono seduti su una panchina.
26923 	 Un uomo con un gilet arancione e un cappello rigido sta camminando per strada.
27001 	 Un giocatore di basket sta cercando di colpire la palla.
27101 	 Un uomo in camicia bianca e pantaloni neri si trova di fronte ad un edificio.
27106 	 Due giocatori di baseball che giocano a baseball.
27126 	 Una donna con un vestito arancione sta camminando per strada.
27171 	 Un uomo con una camicia bianca e un cappello da baseball sta tagliando un pezzo di carta.
27204 	 Un gruppo di persone che camminano lungo un sentiero di pietra.
27217 	 Un uomo con un cappello da baseball bianco e una camicia bianca sta giocando a tennis.
27246 	 Un uomo con un cappello da cowboy e un cappello da cowboy sta dormendo su una panchina.
27306 	 Un uomo e una donna in posa per una foto.
27310 	 Un uomo con un gilet arancione sta guidando una moto rossa.
27357 	 Una donna con una camicia nera e un apron blu sta cucinando.
27362 	 Una persona che fa snowboard su una collina di neve.
27381 	 Un uomo e una donna danzano sul palco.
27394 	 Un uomo con un gilet arancione e un cappello rigido sta lavorando su un treno.
27399 	 Un uomo con un cappello da cowboy e una camicia nera è seduto su una panchina.
27478 	 Un ragazzo fa un trucco su una rampa.
27508 	 Un uomo con un cappello da cowboy e un cappello da baseball si trova vicino ad un albero.
27518 	 Un bambino che mangia un cono gelato.
27536 	 Un uomo con una camicia nera e un cappello da baseball sta guidando una bicicletta.
27543 	 Un bambino che indossa una maglietta a strisce e una maglietta blu a strisce sta piangendo.
27554 	 Un uomo con un cappello da cowboy e un cappello da cowboy si trova di fronte ad un edificio.
27558 	 Un uomo e una donna camminano lungo un sentiero di montagna.
27560 	 Un uomo vestito di nero suona la chitarra.
27571 	 Due squadre di calcio che giocano a calcio.
27606 	 Un uomo e una donna che camminano per strada.
27630 	 Un giocatore di calcio che gioca a calcio.
27643 	 Un ragazzo con una maglietta rossa e jeans blu che corre in una gara.
27655 	 Un giocatore di basket con l'uniforme rossa sta distruggendo la palla.
27697 	 Un uomo e una donna sono seduti su un pavimento di legno.
27707 	 Un gruppo di persone si riunisce intorno a un tavolo.
27717 	 Un giocatore di basket che indossa una maglietta bianca e una maglietta bianca e nera con una palla da
27721 	 Un uomo con una camicia bianca e un cappello da baseball è in piedi accanto ad un uomo in
27731 	 Un guidatore di moto che corre in una gara.
27732 	 Un uomo in camicia bianca e pantaloni neri cammina per un edificio di mattoni.
27834 	 Un uomo con un gilet arancione e un cappello da baseball si trova di fronte a un cartello che
27887 	 Due squadre di calcio che giocano a calcio.
27921 	 Un uomo e una donna che camminano per strada.
27930 	 Un giocatore di football che indossa una maglietta blu e bianca con il numero 8 è in piedi su
27937 	 Un uomo in camicia bianca e pantaloni neri corre in una gara.
27963 	 Un uomo e una donna sono seduti su una barca in acqua.
27987 	 Un gruppo di persone si trova di fronte ad un edificio.
28007 	 Un ragazzo che fa un trucco su uno skateboard.
28009 	 Un uomo è seduto su una roccia vicino ad un albero.
28046 	 Un uomo in camicia bianca e pantaloni neri si sta mettendo in posa per una foto.
28058 	 Un gruppo di persone si riunisce in un parco di divertimento.
28076 	 Un gruppo di giocatori di calcio che giocano a calcio.
28084 	 Una donna suona la chitarra e canta.
28087 	 Un gruppo di uomini che giocano a basket.
28121 	 Un gruppo di uomini e donne che suonano la chitarra in un parco.
28126 	 Un uomo con un cappello rosso e una camicia rossa sta parlando con un altro uomo con un cappello
28169 	 Un uomo con una camicia blu e un cappello da baseball sta tagliando un pezzo di legno.
28190 	 Un uomo che fa un trucco su uno skateboard su una rampa.
28191 	 Due bambini piccoli che giocano in un gioco di carnevale.
28209 	 Un gruppo di persone sedute intorno a un tavolo a mangiare.
28215 	 Un uomo e una donna sono seduti a un tavolo a mangiare.
28233 	 Un uomo è seduto su un muro di cemento vicino ad un edificio. <end>
28286 	 Un gruppo di persone è in piedi su una barca in acqua.
28292 	 Un uomo e una donna sono seduti su una panchina di fronte ad un edificio.
28352 	 Un gruppo di persone si riunisce intorno a un tavolo.
28366 	 Un gruppo di persone sedute su una panchina del parco.
28410 	 Un snowboarder che fa snowboard su una collina di neve.
28430 	 Un uomo e una donna sono seduti a un tavolo di fronte a un computer.
28431 	 Un giocatore di basket con l'uniforme bianca sta distruggendo la palla.
28435 	 Un uomo suona la chitarra sul palco.
28539 	 Un bambino che indossa una maglietta blu a maniche lunghe e jeans blu è seduto a un tavolo con
28590 	 Un uomo sta guidando una bicicletta.
28683 	 Un uomo con gli occhiali e una camicia nera suona la chitarra.
28721 	 Un uomo con una camicia nera e un cappello da baseball è seduto su una macchina.
28787 	 Una ragazzina con una maglietta rosa e jeans blu è in piedi accanto ad un albero di Natale.
28796 	 Un uomo in camicia bianca e pantaloni neri si trova di fronte ad un edificio.
28800 	 Un grande gruppo di persone si riunisce intorno a un tavolo da gioco di carnevale.
28836 	 Un snowboarder che scia su una collina di neve.
28918 	 Due squadre di calcio che giocano a calcio.
28990 	 Un uomo e una donna sono seduti su una panchina.
28995 	 Un bambino sta dormendo su una sedia a rotelle.
29086 	 Un gruppo di persone che camminano per strada.
29095 	 Un gruppo di persone si riunisce intorno a un tavolo.
29105 	 Un gruppo di uomini che giocano a basket su un campo da calcio.
29111 	 Un uomo in camicia nera e pantaloni neri si trova di fronte a una finestra di un negozio.
29156 	 Un uomo con un cappello blu e una maglietta blu sta scalando una montagna.
29215 	 Un gruppo di persone che sciano nella neve.
29272 	 Un gruppo di persone si riunisce intorno a un tavolo.
29277 	 Una ragazzina con un cappello rosa e una camicia a strisce bianche e bianche e nere con in mano
29281 	 Due giocatori di calcio che giocano a calcio.
29289 	 Un uomo che fa un trucco in bicicletta.
29365 	 Un giocatore di basket con l'uniforme rossa sta distruggendo la palla.
29427 	 Due motociclisti corrono su una pista.
29436 	 Un uomo e una donna in posa per una foto.
29467 	 Un cane bianco e nero salta in aria per prendere una palla da calcio.
29492 	 Un gruppo di persone si esibisce sul palco.
29505 	 Un gruppo di persone si riunisce intorno a un tavolo.
29509 	 Un uomo che fa surf su una barca a vela.
29571 	 Un gruppo di persone che camminano lungo una strada affollata.
29574 	 Un uomo con gli occhiali e una camicia nera tiene in mano un bicchiere di vino.
29589 	 Un uomo suona la chitarra e canta.
29598 	 Un gruppo di bambini che giocano in un parco giochi.
29609 	 Un gruppo di operai edili che lavorano in un cantiere.
29614 	 Un uomo con un cappello da cowboy sta guidando un carro disegnato a cavallo.
29637 	 Due cani che giocano in acqua.
29640 	 Un uomo suona la chitarra e canta.
29735 	 Un gruppo di persone che guidano cavalli in un campo.
29745 	 Un uomo con un cappello da baseball bianco e una camicia bianca e un cappello da baseball si trova
29789 	 Un gruppo di ciclisti che corrono in una gara.
29803 	 Due squadre di calcio che giocano a calcio.
29839 	 Un gruppo di bambini che giocano a calcio in una giornata di sole.
29843 	 Un uomo suona la chitarra e canta.
29872 	 Un uomo che fa un trucco su una bicicletta.
29884 	 Due donne che camminano per strada.
29887 	 Un uomo con una camicia rossa e un cappello da baseball è seduto su una panchina di legno.
29964 	 Un uomo con il casco blu sta guidando una bicicletta.
29976 	 Due giocatori di calcio che giocano a calcio.
29979 	 Un gruppo di persone si riunisce intorno a un tavolo.
30040 	 Un uomo e una donna sono seduti a un tavolo a mangiare.
30089 	 Un gruppo di ciclisti che corrono in una gara.
30149 	 Un gruppo di persone si riunisce in un parco di divertimento.
30177 	 Un uomo e una donna sono seduti su una panchina.
30188 	 Un uomo suona la chitarra e canta.
30199 	 Un giocatore di basket in bianco e nero sta cercando di colpire la palla.
30256 	 Un gruppo di persone si riunisce intorno a una tenda rossa.
30276 	 Un gruppo di giocatori di football che giocano a football.
30310 	 Un gruppo di persone si riunisce in un mercato di strada.
30369 	 Un gruppo di donne vestite di bianco e rosso che si esibiscono.
30385 	 Una donna con una maglietta rossa e un uomo con una maglietta rossa e un uomo con una maglietta
30420 	 Un gruppo di runner che compete in una gara.
30437 	 Due bambini che giocano a beach volleyball.
30479 	 Un uomo e una donna che si arrampicano su una roccia.
30485 	 Un uomo che salta da una roccia in un campo di sabbia.
30528 	 Una donna in camicia nera e pantaloni neri cammina per strada.
30533 	 Un uomo in camicia bianca e pantaloni neri si sta rasando la faccia di un altro uomo.
30572 	 Un gruppo di persone si riunisce intorno a un tavolo.
30581 	 Un uomo con un cappello da baseball e una maglietta blu è in piedi su una scala di legno.
30632 	 Un gruppo di persone che camminano lungo un sentiero in un campo.
30644 	 Un gruppo di persone che nuotano in una piscina.
30658 	 Un gruppo di persone che camminano lungo una strada della città.
30810 	 Un uomo e una donna sono seduti su una panchina di fronte a un muro di mattoni.
30971 	 Un gruppo di persone in piedi su una strada di pietra calcarea in una giornata di sole.
30999 	 Un gruppo di persone che camminano per strada.
