1023	 Un uomo con un cappello da cowboy e un cappello da baseball si trova di fronte ad un edificio.
17338	 Una ragazza in muta rosa è seduta su una spiaggia a guardare l'oceano.
4881	 Un gruppo di persone che fanno escursioni in montagna.
10330	 Un gruppo di persone si riunisce intorno a un gruppo di persone.
17483	 Una giovane donna in bikini sta facendo un salto in acqua.
12245	 Una donna con i capelli marroni e una camicia nera suona la chitarra.
22865	 Un gruppo di persone è in piedi su una collina.
24145	 Un gruppo di persone si riunisce intorno a un tavolo.
734	 Un gruppo di persone in bicicletta su una strada sterrata.
9042	 Un grande gruppo di persone si riunisce intorno a un fuoco.
11374	 Un bambino con una maglietta blu e un cappello da baseball sta giocando con un giocattolo.
18310	 Un uomo e una donna camminano sulla spiaggia.
23502	 Una donna con un vestito nero e una donna con una maglietta nera e un uomo con una maglietta
3701	 Un cane bianco e nero salta in aria per prendere una palla da tennis.
23986	 Un gruppo di persone si trova di fronte ad un edificio.
17945	 Un gruppo di persone si riunisce intorno a un tavolo da picnic.
17669	 Un uomo con un cappello da baseball e un cappello nero è in piedi in un campo di grano.
19263	 Un giocatore di calcio che indossa una maglietta blu e bianca e nera sta cercando di prendere la palla.
2848	 Due giocatori di baseball che giocano a baseball.
6733	 Due ragazzi che giocano a calcio in una giornata di sole.
9354	 Un bambino che indossa una maglietta a maniche lunghe e dei pantaloni blu è in piedi su un letto
4028	 Un gruppo di persone si riunisce intorno a un tavolo.
15809	 Un uomo e una donna in posa per una foto.
10732	 Un uomo e una donna che camminano per strada.
7973	 Un uomo con un gilet arancione è in piedi accanto a una macchina.
27682	 Un gruppo di uomini che giocano a calcio.
856	 Un gruppo di persone sedute a un tavolo a mangiare.
228	 Un uomo con una camicia bianca e un apron rosso sta cucinando in cucina.
21580	 Un gruppo di persone si riunisce intorno a un tavolo.
23240	 Un gruppo di persone si riunisce intorno a un tavolo.
22651	 Un uomo con una camicia rossa e jeans blu è in piedi su una strada di notte.
3459	 Un gruppo di persone che si esibiscono sul palco.
29754	 Un uomo e una donna sono seduti su una panchina di fronte a un negozio.
20229	 Un uomo e una donna stanno camminando sul marciapiede vicino ad un edificio di mattoni.
28139	 Un gruppo di persone si riunisce intorno a un tavolo.
19373	 Un gruppo di persone che camminano per strada.
28057	 Un giocatore di baseball con l'uniforme bianca sta per lanciare la palla.
9797	 Un gruppo di persone si riunisce intorno a un tavolo.
3834	 Un uomo e una donna sono seduti su una panchina del parco.
14626	 Un gruppo di bambini che giocano a calcio in un parco.
2139	 Un uomo con un cappello da cowboy e un cappello da cowboy sta guidando una bicicletta.
18419	 Due bambini che giocano in spiaggia.
1646	 Un gruppo di persone sta camminando sulla spiaggia.
24495	 Un uomo e una donna sono seduti su una panchina.
22678	 Un uomo e una donna stanno guidando una bicicletta.
5581	 Un gruppo di persone è seduto su una spiaggia vicino all'oceano.
14841	 Una donna con gli occhiali da sole e un cappello da baseball si trova di fronte a un tramonto.
26160	 Un uomo che nuota in acqua.
17822	 Due bambini giocano in spiaggia.
30105	 Un uomo in bicicletta su una strada sterrata.
25626	 Un gruppo di persone che camminano per strada.
14599	 Un uomo con un cappello da cowboy e un cappello da cowboy si trova di fronte a un gruppo
137	 Un uomo in camicia bianca e pantaloni neri si trova di fronte ad un edificio.
10490	 Un gruppo di persone si siede su una panchina di fronte ad un corpo d'acqua.
9274	 Un bambino con una maglietta rossa è seduto su una sedia a rotelle.
917	 Un uomo con una camicia nera e una donna in camicia nera e una donna in camicia nera che
6796	 Un gruppo di persone si siede su una zattera in un fiume.
19910	 Un uomo e una donna sono seduti su una panchina di fronte ad un edificio.
14773	 Un uomo con gli occhiali tiene in braccio un bambino.
22554	 Un uomo e una donna stanno camminando per strada.
28694	 Due auto da corsa corrono su una pista da corsa.
13580	 Una donna con una racchetta da tennis.
7153	 Un uomo in kayak in acqua.
1358	 Un uomo con una camicia nera e jeans blu è in piedi su un muro di cemento.
23280	 Un gruppo di persone si riunisce intorno a un tavolo.
5541	 Un uomo con gli occhiali e una camicia bianca si sta rasando i capelli.
7549	 Un uomo con un cappello rosso e una camicia rossa e un cappello blu è in piedi su un
29944	 Un uomo con un cappello da cowboy e un cappello da baseball si trova di fronte ad un albero.
25987	 Un bambino che gioca in acqua poco profonda.
5743	 Una giovane donna con gli occhiali da sole e un cappello da baseball tiene in braccio un bambino.
4663	 Una donna in camicia bianca e pantaloni neri che gioca a tennis.
6068	 Un uomo con una giacca di pelle nera e jeans blu è seduto su una panchina.
15004	 Un giocatore di tennis che gioca a tennis.
28246	 Un uomo con una giacca blu e un cappello da sci sta raccogliendo la neve.
4882	 Un ragazzo con una maglietta blu e jeans blu sta giocando con una palla da calcio.
28819	 Un uomo che fa un trucco su una tavola da surf.
22327	 Un uomo e una donna in posa per una foto.
18448	 Un uomo con gli occhiali da sole e gli occhiali da sole sta cantando al microfono.
22778	 Un uomo con gli occhiali da sole e un cappello da baseball si trova di fronte a un camion
24836	 Un uomo in camicia bianca e pantaloni neri sta giocando a tennis.
26050	 Un uomo con un cappello da cowboy e un cappello da cowboy si trova di fronte a un gruppo
8054	 Una ragazza in camicia rosa e pantaloni neri è seduta su una panchina del parco.
25763	 Un gruppo di persone che camminano lungo un sentiero di pietra.
14832	 Un cane che corre in acqua.
7874	 Un uomo con una camicia bianca e un cappello da baseball sta tagliando un pezzo di legno.
23070	 Un gruppo di persone si riunisce in una stazione ferroviaria.
6549	 Un uomo con un gilet arancione e un cappello rigido sta lavorando su un treno.
7542	 Un uomo e una donna sono seduti su un mucchio di foglie.
29108	 Un gruppo di persone che camminano lungo una strada della città.
10106	 Un uomo con gli occhiali da sole e una camicia nera e una donna con gli occhiali da sole.
17630	 Un uomo in cima a una montagna innevata.
16090	 Un gruppo di persone che nuotano in una piscina.
18764	 Un uomo con un cappello da cowboy e un cappello da cowboy si trova di fronte a un mucchio
1723	 Un uomo e una donna sono seduti su una panchina.
2180	 Un uomo in camicia bianca e pantaloni neri sta giocando con una palla da tennis.
26598	 Un uomo che si arrampica su un muro di roccia.
13516	 Un cane nero con un collare rosso corre sulla sabbia.
1610	 Un gruppo di persone sedute a un tavolo a mangiare.
21127	 Un gruppo di persone è in piedi su un molo vicino ad un corpo d'acqua.
12757	 Un gruppo di persone si riunisce intorno a un tavolo.
28067	 Due giocatori di hockey che giocano a hockey.
16715	 Un ragazzo con una maglietta blu e un cappello da baseball sta giocando con una palla da calcio.
23252	 Un gruppo di persone che camminano lungo un sentiero di pietra.
23965	 Un gruppo di persone si riunisce in un mercato all'aperto.
26407	 Un gruppo di persone sedute a un tavolo a mangiare.
22145	 Un ragazzo che salta da una tavola da immersione in acqua.
24169	 Un uomo e una donna sono seduti su una panchina.
18666	 Un uomo con un cappello rosso e una giacca rossa sta sciando su una collina ricoperta di neve.
14164	 Un uomo e una donna stanno guidando una bicicletta.
29084	 Due giocatori di calcio che giocano a calcio.
615	 Un uomo con un cappello rigido sta scalando un albero.
16395	 Un uomo con un cappello rigido sta lavorando su un tetto.
12542	 Un uomo è in cima a una montagna.
21799	 Un uomo e una donna sono seduti su un muro di cemento vicino a una spiaggia.
19354	 Un uomo e una donna che camminano per strada.
24974	 Un gruppo di persone si riunisce intorno ad un edificio.
12706	 Un snowboarder che fa snowboard su una collina di neve.
22425	 Un giocatore di football che indossa una maglietta bianca e nera sta cercando di prendere la palla.
14333	 Due giocatori di baseball che giocano a baseball.
5016	 Un uomo e una donna in posa per una foto.
25819	 Un uomo suona la chitarra e canta.
9308	 Un ragazzo con una maglietta blu e dei pantaloni blu sta giocando a tennis.
28885	 Un uomo con una camicia bianca e un apron bianco sta cucinando.
25820	 Un gruppo di persone in posa per una foto.
434	 Un gruppo di persone si trova di fronte ad un edificio di mattoni.
30201	 Un uomo con il casco rosso sta guidando una bicicletta.
27636	 Due giocatori di calcio che giocano a calcio.
18425	 Una donna con una maglietta blu e jeans blu è seduta su una panchina.
8831	 Un gruppo di persone si riunisce intorno a un tavolo.
30943	 Un uomo che fa surf nell'oceano.
19834	 Un uomo e una donna stanno camminando lungo un sentiero di pietra.
25986	 Una persona che fa snowboard su una collina di neve.
17194	 Un uomo con un cappello da cowboy e un gilet nero è in piedi accanto ad un altro uomo.
19857	 Una donna con i capelli marroni e una camicia nera è in piedi accanto ad un edificio.
395	 Un uomo e una donna stanno camminando per strada.
10788	 Un uomo in camicia bianca sta cucinando in cucina.
12417	 Un gruppo di persone si riunisce intorno ad un albero di palma.
14796	 Un gruppo di donne che camminano per strada.
14231	 Un gruppo di persone è in piedi su una roccia vicino ad un albero.
3771	 Un uomo con un cappello da cowboy e un cappello da cowboy si trova di fronte ad un edificio.
15412	 Un ragazzo in maglietta blu sta saltando su un set da swing.
2260	 Un uomo in camicia bianca che cucina in cucina.
20016	 Una donna con una camicia nera e un apron nero sta guardando un libro.
6005	 Un uomo e una donna sono seduti su una panchina.
21900	 Un uomo e una donna sono seduti su una panchina.
20459	 Un gruppo di persone si riunisce intorno a un tavolo.
17250	 Un grande gruppo di persone che camminano lungo una strada affollata.
7962	 Un uomo in camicia bianca e pantaloni neri si trova di fronte ad un edificio con un cartello che
26370	 Un uomo con una camicia nera e un cappello da baseball è seduto a un tavolo in un ristorante.
25069	 Un gruppo di persone si riunisce intorno a un tavolo.
26922	 Un uomo che fa un trucco in bicicletta su una collina.
8674	 Un uomo in mutande che si immerge in una piscina.
20946	 Un gruppo di persone si riunisce in un parco di divertimento.
22548	 Un cane nero corre sull'erba.
12334	 Un cane marrone salta in aria per prendere una palla da tennis.
18318	 Un uomo con un gilet arancione e un cappello da baseball è seduto su una panchina di fronte a
6192	 Un gruppo di persone che camminano lungo una strada affollata.
30660	 Un cane bianco e marrone che gioca con un giocattolo in bocca.
28582	 Un gruppo di cheerleader che si esibiscono sul palco.
89	 Un gruppo di persone in posa per una foto.
22387	 Un gruppo di persone si trova di fronte a una finestra di un negozio.
14989	 Un cane bianco e marrone che corre sulla sabbia.
29087	 Una donna con un ombrello rosso cammina per strada.
30665	 Un uomo con una camicia bianca e un apron bianco sta cucinando in un ristorante.
27457	 Un uomo e una donna in posa per una foto.
1401	 Una macchina da corsa è in spiaggia.
9013	 Un uomo con una camicia bianca e un cappello da baseball sta tagliando un pezzo di legno.
17655	 Un gruppo di persone si riunisce intorno a un tavolo.
259	 Un gruppo di persone si riunisce intorno ad un albero di Natale.
5760	 Una donna con i capelli marroni che indossa una camicia bianca e un cappello da baseball sta mangiando un
27988	 Un uomo in camicia nera e pantaloni neri si trova di fronte ad un edificio.
28026	 Un giocatore di basket sta cercando di prendere la palla.
27391	 Un gruppo di persone sedute a un tavolo a mangiare.
28873	 Un gruppo di bambini che giocano a beach volleyball.
4942	 Un bambino con i capelli marroni che indossa una maglietta rossa e una camicia rossa sta piangendo.
2788	 Un gruppo di persone si riunisce intorno a un tavolo.
23957	 Un uomo con una camicia nera e pantaloni neri salta in aria per prendere una palla da calcio.
26645	 Un bambino che salta da un set da swing.
27048	 Un gruppo di persone si riunisce intorno a un tavolo.
8185	 Un uomo e una donna che giocano a calcio.
16989	 Una donna con un vestito blu e una donna con i capelli marroni stanno camminando per strada.
7912	 Un cane bianco e marrone che gioca con una palla rossa.
26998	 Un uomo e una donna sono seduti su una panchina.
28005	 Due giocatori di calcio che giocano a calcio.
25376	 Una donna in camicia rossa e pantaloni neri sta giocando a tennis.
5701	 Un uomo e una donna che si arrampicano su un muro di roccia.
16010	 Un gruppo di persone che si arrampica su un muro di roccia.
4748	 Un uomo con un cappello da cowboy e un cappello da cowboy si trova di fronte a un negozio.
26049	 Un uomo con un gilet arancione e un cappello da baseball è in piedi su una strada di fronte
22098	 Un uomo sta guidando una bicicletta su un ponte.
17733	 Un gruppo di persone sedute a un tavolo a mangiare.
24271	 Un bambino è seduto su una sedia a rotelle.
12030	 Un gruppo di persone si riunisce intorno a un tavolo.
17533	 Un uomo e una donna sono seduti a un tavolo di fronte a un computer.
25583	 Un snowboarder che scia su una collina di neve.
34	 Un cane bianco e nero corre sull'erba.
19075	 Un gruppo di persone si riunisce intorno a un tavolo.
26697	 Un uomo con un cappello rigido e un gilet arancione è in piedi accanto ad un edificio.
14072	 Un gruppo di bambini si riunisce intorno ad un albero di Natale.
29952	 Un uomo e una donna sono seduti su una moto.
17673	 Un gruppo di persone si riunisce intorno a un tavolo. <end> <end> <end> <end>
16191	 Una donna con una maglietta blu sta guidando una bicicletta.
12902	 Un giocatore di tennis che gioca a tennis.
27168	 Un uomo con un cappello da baseball e un cappello da baseball sta giocando a tennis.
8811	 Un uomo con un cappello da cowboy e un cappello da baseball si siede su una panchina di legno.
25188	 Una donna in camicia bianca e pantaloni neri si siede a un tavolo in un ristorante.
4452	 Un uomo con gli occhiali da sole e un cappello da cowboy si trova di fronte ad un edificio.
18731	 Un uomo che suona la chitarra sul palco.
9241	 Un uomo e una donna sono seduti su una panchina.
14721	 Un uomo con un cappello da cowboy sta guidando un cavallo.
19523	 Un gruppo di persone è in piedi su un molo vicino ad un corpo d'acqua.
7682	 Un uomo e una donna seduti su una panchina del parco.
23713	 Un uomo con un cappello da cowboy e un cappello da cowboy sta guidando un cavallo.
9911	 Due uomini che giocano a calcio.
16458	 Un gruppo di persone si riunisce intorno a un tavolo.
17071	 Un uomo in camicia bianca e pantaloni neri si trova di fronte a una bancarella di frutta.
13724	 Un uomo con una camicia rossa e un cappello da baseball si trova vicino ad un albero.
19348	 Un uomo con un cappello da cowboy e un cappello da cowboy si trova di fronte ad un uomo
25494	 Un uomo con un cappello da cowboy e un cappello da baseball tiene in braccio un bambino.
27872	 Due giocatori di calcio che giocano a calcio.
8084	 Un cane marrone che corre in acqua.
17708	 Un grande gruppo di persone si riunisce intorno a un tavolo con una tovaglia rossa.
10376	 Un gruppo di persone si riunisce intorno a un gruppo di persone.
12441	 Un gruppo di persone si riunisce in un parco di divertimento.
28955	 Un gruppo di bambini che giocano a beach volleyball.
7507	 Un uomo con una giacca di jeans e un maglione blu è seduto su una sedia di fronte a
10010	 Un gruppo di persone si riunisce intorno ad un albero.
2161	 Un uomo con un cappello da cowboy e un cappello da baseball si trova di fronte a un mucchio
2113	 Un uomo in camicia bianca e pantaloni neri sta giocando a tennis.
906	 Un uomo con un cappello da cowboy e un cappello da cowboy e un cappello da cowboy e un
7996	 Un uomo in kayak in acqua.
16018	 Un gruppo di persone che corrono su una pista.
12366	 Un uomo e una donna camminano sulla spiaggia.
11890	 Due squadre di calcio che giocano a calcio.
28827	 Un uomo con una camicia nera e un cappello da baseball è seduto a un tavolo. <end> <end>
9531	 Due giocatori di basket che giocano a basket.
23756	 Una ragazza in muta blu sta giocando in acqua.
14786	 Un uomo e una donna sono seduti su una bicicletta.
11137	 Un bambino che indossa una maglietta blu a maniche lunghe e dei pantaloni blu è seduto su una sedia
25541	 Un uomo con gli occhiali da sole e un cappello da baseball guarda attraverso un telescopio.
11914	 Un uomo che suona una chitarra acustica.
22042	 Due uomini che suonano la chitarra sul palco.
19624	 Un bambino corre sulla spiaggia.
24829	 Un uomo in camicia bianca e pantaloni neri si trova di fronte a un muro di mattoni.
2955	 Un uomo che fa un trucco su una rampa.
16638	 Un uomo con un cappello da cowboy e un cappello da cowboy è seduto su una sedia a rotelle.
17202	 Un gruppo di persone che camminano lungo una strada di notte.
10693	 Una donna con i capelli marroni che indossa una camicia nera e un uomo in camicia nera e una
21996	 Un gruppo di persone si riunisce intorno a un tavolo.
10097	 Un gruppo di persone che camminano lungo una strada affollata della città.
16938	 Un uomo e una donna sono seduti su una panchina.
21187	 Un uomo e una donna in posa per una foto.
23345	 Un uomo e una donna in posa per una foto.
18820	 Un uomo con un cappello rosso e una camicia rossa sta facendo un trucco in aria.
21423	 Un uomo e una donna seduti su una panchina.
17045	 Un uomo con un cappello da cowboy e un cappello da baseball sta camminando vicino ad un edificio.
18584	 Un gruppo di persone si riunisce intorno a un gruppo di persone.
20932	 Un uomo in camicia bianca e pantaloni neri sta giocando a tennis.
29352	 Un uomo con un cappello rosso e una camicia rossa è in piedi accanto ad un altro uomo con
13977	 Un cane bianco e marrone che corre sulla sabbia.
25235	 Un uomo in camicia nera e pantaloni neri si trova di fronte a una macchina.
20740	 Un bambino che gioca in un campo erboso.
15358	 Un gruppo di giocatori di basket che si prepara a lanciare la palla.
13135	 Un cane bianco che corre in un campo erboso.
10287	 Un gruppo di persone si riunisce intorno a un gruppo di persone.
3412	 Un uomo con una camicia nera e un cappello da baseball si trova di fronte ad un edificio.
23758	 Un uomo e una donna sono seduti su una panchina di fronte a un muro di mattoni.
15792	 Un bambino gioca con un giocattolo in un mucchio di foglie.
16880	 Un uomo con un gilet arancione e un gilet arancione sta camminando per strada.
1983	 Un uomo che suona la chitarra sul palco.
22788	 Un gruppo di persone si riunisce in una strada affollata.
17109	 Un uomo che suona la chitarra e canta.
20248	 Un uomo con un cappello rigido sta lavorando su un pezzo di legno.
22776	 Un gruppo di persone è in piedi su un molo vicino ad un corpo d'acqua.
199	 Un uomo e una donna sono seduti su una panchina.
14974	 Un gruppo di persone vestite di rosso e nero che si esibiscono sul palco.
28480	 Un bambino sta nuotando in acqua.
24425	 Un uomo in bicicletta attraversa la strada.
8015	 Un uomo e una donna che camminano per strada.
2412	 Un uomo con una camicia bianca e un cappello da baseball sta mangiando un panino.
9519	 Un uomo e una donna stanno camminando per strada.
9039	 Un cane che corre sull'erba.
1771	 Due bambini giocano in un parco giochi.
2265	 Un ragazzo fa surf su una tavola da surf in acqua.
28605	 Un uomo in camicia rossa e pantaloni neri è seduto su un divano rosso.
13197	 Un uomo con una camicia nera e una donna in camicia nera si posano per una foto.
11466	 Due giocatori di basket che giocano a basket.
12475	 Un uomo con una giacca nera e un cappello nero sta camminando per strada.
16996	 Un uomo con una camicia bianca e un cappello da baseball si trova vicino ad un albero.
6921	 Un gruppo di uomini che si esibiscono sul palco.
29354	 Una macchina da corsa bianca sta correndo su una pista.
17661	 Un uomo suona la chitarra sul palco.
12947	 Un bambino con una maglietta blu e dei pantaloni blu sta giocando con una palla da calcio.
12178	 Un uomo in camicia nera e pantaloni neri sta giocando a tennis.
5767	 Un uomo che lavora su un pezzo di legno.
22594	 Un cane marrone corre sull'erba.
27321	 Un gruppo di persone si riunisce intorno ad un edificio di mattoni.
19609	 Una ragazza con una maglietta rosa e un cappello da baseball sta mangiando un gelato.
17933	 Un gruppo di persone sedute a un tavolo a mangiare.
13785	 Un cane nero salta in aria per prendere una palla da tennis.
22613	 Un gruppo di persone si riunisce intorno a un tavolo.
1417	 Un uomo con un cappello nero e una donna con un cappello nero e una giacca di pelle nera
10920	 Un uomo che fa un trucco in bicicletta.
19738	 Due donne che camminano per strada.
22419	 Due cani neri corrono attraverso l'erba.
26133	 Un ragazzo che salta da una tavola da surf.
30111	 Un uomo con un cappello da cowboy e una camicia a strisce si trova di fronte a un muro
12427	 Un uomo in camicia bianca e pantaloni neri si trova di fronte a un muro di mattoni.
23509	 Un uomo con un gilet arancione e un cappello rigido sta lavorando su un treno.
11283	 Due bambini piccoli che giocano in un parco giochi.
16773	 Un uomo e una donna sono seduti su una panchina.
26142	 Una donna con i capelli marroni che indossa una maglietta bianca e un cappello da baseball si sta mettendo
2330	 Un grande gruppo di persone si riunisce in una strada affollata.
22860	 Un uomo con il casco rosso sta guidando una bicicletta sporca su una collina.
20682	 Un uomo in camicia bianca e pantaloni neri si trova di fronte ad un edificio con un cartello che
3972	 Un uomo che fa un trucco su una duna di sabbia.
28240	 Un ragazzo fa un trucco in bicicletta.
520	 Un gruppo di persone si riunisce intorno a un tavolo.
29636	 Un gruppo di persone sedute su una panchina di notte.
8554	 Un uomo con una camicia rossa e un cappello da baseball è seduto su una sedia di fronte a
19162	 Un gruppo di persone che camminano lungo una strada ricoperta di neve.
12949	 Un gruppo di persone si esibisce sul palco.
29772	 Un uomo senza camicia che indossa una camicia bianca e dei pantaloni neri si sta immergendo in acqua.
29791	 Un gruppo di bambini che giocano a basket.
1895	 Un uomo e una donna sono seduti in una bancarella di frutta.
20103	 Un uomo con una camicia nera e un cappello da baseball sta parlando al microfono.
7791	 Un cane marrone che corre in un campo.
27495	 Un gruppo di ciclisti che corrono in una gara.
8070	 Un uomo e una donna sorridono per la telecamera.
3451	 Due cani che giocano nella neve.
8023	 Un gruppo di persone si riunisce in una strada affollata.
19478	 Un gruppo di persone che camminano lungo una strada della città.
25058	 Un uomo in camicia nera e pantaloni neri cammina per strada.
25516	 Un gruppo di persone sedute intorno a un tavolo a mangiare.
19037	 Un bambino è seduto su una sedia a rotelle.
16416	 Un gruppo di persone che si esibisce in una partita di basket.
26982	 Un uomo e una donna saltano in aria.
22118	 Un uomo con un cappello rosso e una camicia rossa è in piedi su una scala di pietra con
15077	 Due giocatori di calcio che giocano a calcio. <end>
3648	 Un uomo e una donna stanno camminando per strada.
23850	 Un uomo e una donna sono seduti su una panchina.
22078	 Un gruppo di persone è seduto su una panchina di fronte ad un edificio di mattoni.
26618	 Una donna con una maglietta blu e jeans blu è seduta su una sedia a rotelle.
2103	 Una donna che nuota in piscina.
6258	 Un gruppo di persone si riunisce intorno a un tavolo.
22334	 Una donna con una maglietta blu e un cappello da baseball è in piedi su un treno.
10239	 Un uomo con gli occhiali da sole e una camicia nera sta mangiando un panino.
19471	 Un uomo e una donna che camminano per strada.
7986	 Una donna in camicia bianca e pantaloni neri sta camminando per strada.
8362	 Un gruppo di persone è in piedi su un ponte di legno con un uomo in camicia bianca e
21635	 Un gruppo di persone si trova di fronte a un grande edificio.
754	 Un uomo che fa surf su una tavola da surf.
760	 Un gruppo di persone si riunisce intorno a un tavolo.
15047	 Un ragazzo che fa surf su una tavola da surf bianca.
17983	 Un uomo con un cappello da baseball e una camicia nera sta facendo una foto di fronte a una
17997	 Un uomo con una camicia nera e jeans blu è in piedi accanto a un furgone bianco.
22067	 Un uomo con una camicia nera e un cappello da baseball si trova vicino ad un palo.
17963	 Un uomo sta guidando una moto rossa.
19122	 Una donna con un cappello da cowboy e una maglietta a strisce bianche e nere con in mano una
29380	 Un bambino che indossa un cappello da baseball e un cappello da baseball sta piangendo.
1343	 Un ragazzo che salta da una tavola da surf in acqua.
14490	 Un uomo con un cappello da cowboy e un cappello da cowboy è seduto su una sedia a rotelle
17031	 Un bambino con una maglietta blu e un cappello da baseball è seduto a un tavolo con una tovaglia
21597	 Un uomo con un cappello rosso e una camicia rossa sta camminando per strada.
25133	 Un gruppo di persone si trova di fronte ad un edificio.
28570	 Un uomo e una donna in posa per una foto.
10577	 Un cane bianco e nero salta su un ostacolo.
17177	 Un gruppo di persone si arrampica su una scogliera.
21381	 Un gruppo di uomini con uniformi blu e cappello rigido si trova vicino ad un edificio.
3097	 Un cane nero corre in acqua.
26440	 Un gruppo di persone si riunisce intorno a un tavolo.
22998	 Un grande gruppo di persone si riunisce intorno a un negozio di vestiti. <end>
5171	 Un cane bianco e nero salta in aria per prendere una palla da tennis.
222	 Un gruppo di persone sta camminando sulla spiaggia.
2572	 Un ragazzo in camicia bianca e pantaloni neri sta giocando a tennis.
9888	 Un uomo con un gilet arancione e un cappello da baseball è in piedi accanto a un treno.
20821	 Un gruppo di persone si riunisce intorno a un campo da calcio.
26512	 Un uomo che lavora in un cantiere.
26682	 Un uomo che fa surf su una tavola da surf.
15674	 Un uomo con un cappello da cowboy e un cappello da cowboy si trova di fronte a un camion
3951	 Un uomo con un gilet arancione e un cappello da baseball è in piedi accanto a una macchina rossa.
8175	 Un bambino con i capelli marroni sta mangiando un cono gelato.
17121	 Un uomo e una donna stanno camminando per strada.
5807	 Un uomo e una donna seduti su una panchina del parco.
9285	 Un gruppo di giocatori di calcio che giocano a calcio.
6306	 Un uomo e una donna camminano per strada.
15457	 Due bambini giocano a calcio in un parco giochi.
27303	 Un gruppo suona sul palco.
23006	 Un uomo e una donna sono seduti su una panchina del parco.
2458	 Un uomo che fa un salto in acqua.
1117	 Un uomo e una donna giocano a beach volleyball.
29010	 Un uomo con un cappello blu e una camicia nera sta facendo un taglio di capelli di una donna.
1984	 Un uomo che canta al microfono.
26094	 Due giocatori di calcio che giocano a calcio.
1284	 Un uomo con una camicia bianca e jeans blu che salta in aria sulla spiaggia.
22163	 Una ragazza con una maglietta rosa e jeans blu è seduta su una panchina di legno.
26806	 Un uomo e una donna sono seduti su una panchina di legno.
22339	 Una donna con un vestito rosa e un cappello da baseball sta mangiando un gelato.
7921	 Un uomo in camicia bianca e pantaloni neri si trova di fronte ad un edificio.
20390	 Un uomo vestito di nero sta camminando per strada.
10235	 Un uomo che suona la chitarra.
14134	 Un gruppo di persone sedute su un muro di pietra.
11219	 Un uomo e una donna sono seduti su una panchina.
14434	 Un cane bianco e nero che corre in un campo.
30542	 Un ragazzo fa un trucco su una rampa.
9598	 Un ragazzo con una maglietta blu sta giocando con una palla da calcio.
25918	 Un uomo che salta in acqua.
12853	 Un gruppo di persone è seduto su una roccia vicino ad un corpo d'acqua.
30619	 Un lanciatore di baseball che indossa una maglietta bianca e un casco da baseball.
7750	 Un cane che corre in un campo.
304	 Un uomo e una donna sono seduti su una spiaggia sabbiosa.
24846	 Un uomo e una donna sono seduti su una panchina vicino all'acqua.
8322	 Un grande gruppo di persone si riunisce in una strada di notte.
15592	 Un cane che salta in aria per prendere una palla da tennis.
24315	 Un gruppo di ciclisti che corrono in una gara.
12212	 Un gruppo di persone si riunisce in una strada affollata.
14117	 Un uomo è seduto su una sedia a rotelle in un parco.
29632	 Un gruppo di bambini che giocano a calcio in un campo.
7581	 Un gruppo di persone sta navigando su una barca.
4556	 Un uomo e una donna sono seduti su una panchina.
19772	 Un gruppo di persone si riunisce in un parco di divertimento.
30942	 Un uomo con un cappello da cowboy e un gilet nero è in piedi accanto ad un uomo con
25795	 Un gruppo di persone si riunisce intorno a un tavolo.
10005	 Un bambino che gioca a un gioco di carnevale.
565	 Una donna con i capelli rossi che indossa una maglietta bianca e jeans blu sta giocando a bowling.
8486	 Un cane nero salta in aria per prendere una palla rossa.
25525	 Un gruppo di persone sedute su un mucchio di rocce.
21764	 Un uomo e una donna stanno camminando lungo una strada di mattoni.
21219	 Un uomo e una donna camminano lungo una strada della città.
21335	 Una donna in camicia nera e pantaloni neri cammina per strada.
4027	 Un uomo con una maglietta blu e jeans blu è in piedi su una scala di cemento.
30285	 Un giocatore di football che indossa un maglietto rosso e bianco e nero sta cercando di prendere la palla.
7639	 Una donna con i capelli marroni e una camicia nera sta cantando al microfono.
6532	 Un gruppo di operai edili che lavorano su un binario ferroviario.
2197	 Due giocatori di basket che giocano a basket.
22254	 Un uomo con una camicia rossa e un cappello da baseball si trova di fronte a un cartello che
9572	 Un giocatore di basket con l'uniforme rossa sta per lanciare la palla.
661	 Un gruppo di persone che si esibiscono sul palco.
10242	 Un gruppo di persone si riunisce intorno a un tavolo.
8199	 Un gruppo di persone che camminano lungo una strada della città.
14260	 Un uomo e una donna sono seduti su una panchina di fronte ad un edificio. <end>
24043	 Un uomo in camicia bianca e pantaloni neri si trova di fronte ad un edificio.
12927	 Un cane bianco e marrone corre attraverso la neve.
30494	 Un uomo con un cappello rosso e una camicia rossa sta camminando su un sentiero sporco nei boschi.
11618	 Un cane bianco corre sulla spiaggia.
7881	 Un uomo con un cappello da cowboy e un cappello da cowboy si trova di fronte a un gruppo
7170	 Un uomo e una donna stanno camminando lungo un sentiero di pietra.
23128	 Un cane bianco e nero corre sull'erba.
28063	 Un bambino con i capelli biondi e una maglietta blu tiene in mano un giocattolo.
2906	 Un gruppo di persone che si arrampica su una collina ricoperta di neve.
23686	 Un uomo con gli occhiali sta dormendo su un letto.
10499	 Una donna con un vestito bianco e una gonna bianca è in piedi accanto ad un edificio.
13650	 Un gruppo di persone si riunisce in un parco di divertimento.
1306	 Un uomo che fa surf su una tavola da surf.
20240	 Un uomo con una camicia nera e un cappello da baseball si trova di fronte a un negozio.
16421	 Un uomo con un cappello da cowboy e un cappello da baseball si trova di fronte a un mucchio
8427	 Un gruppo di persone è in piedi su una roccia in acqua.
26352	 Un uomo e una donna sono seduti su un divano marrone.
25470	 Una donna con una maglietta blu e jeans blu è seduta su una panchina.
23724	 Un uomo e una donna camminano per strada.
29323	 Un uomo con una camicia bianca e un cappello da baseball è seduto a un tavolo in un ristorante.
246	 Un uomo con gli occhiali e una camicia bianca sta tagliando un pezzo di legno.
28041	 Un gruppo di persone si trova di fronte ad un edificio di mattoni.
2130	 Un gruppo di persone si riunisce in un campo di fiori gialli.
9328	 Un gruppo di persone si riunisce intorno a un tavolo.
12508	 Un uomo con un cappello da cowboy sta guidando un cavallo.
19174	 Un uomo in camicia bianca e pantaloni neri si trova di fronte ad un edificio.
30065	 Un uomo con una camicia bianca e un cappello da baseball si trova di fronte a un negozio con
828	 Un uomo e una donna stanno camminando sulla spiaggia.
14221	 Un ragazzo con una maglietta rossa e jeans blu è seduto su una panchina del parco giochi.
9492	 Un gruppo di persone si riunisce in una giornata di sole.
28123	 Un uomo e una donna in posa per una foto.
28066	 Un gruppo di persone che camminano lungo una strada della città.
29608	 Un gruppo di uomini che suonano la chitarra sul palco.
27238	 Una macchina da corsa è in piedi su un treno.
28661	 Un gruppo di persone sedute a un tavolo a mangiare.
5343	 Un cane che corre sulla neve.
9266	 Un uomo con una camicia nera e jeans blu sta saltando su un ostacolo.
29916	 Un uomo con una maglietta gialla e un gilet arancione è in piedi accanto a un muro di mattoni.
13417	 Un gruppo di persone si riunisce in una piscina.
2429	 Un uomo e una donna sono seduti su una panchina del parco.
19896	 Un uomo con una camicia nera e jeans blu sta camminando per strada.
22870	 Un gruppo di persone si trova di fronte a una folla di persone.
13302	 Un uomo e una donna seduti su una panchina.
13085	 Un uomo con gli occhiali da sole e una camicia a strisce si trova di fronte ad un edificio.
340	 Un uomo che fa arrampicarsi su una scogliera.
12184	 Un gruppo di persone che nuotano in acqua.
22953	 Un gruppo di persone è in piedi su un molo vicino ad un corpo d'acqua.
15309	 Un uomo che suona la chitarra sul palco.
3774	 Un uomo con un cappello da baseball e un cappello da baseball è seduto su una panchina vicino ad
318	 Un gruppo di persone si riunisce intorno a un tavolo.
14570	 Un uomo con gli occhiali e una giacca di pelle nera è seduto a un tavolo con una tazza
1833	 Un cane marrone che corre sulla spiaggia.
15774	 Un uomo con gli occhiali da sole e un cappello da baseball nero si trova di fronte a una
28978	 Un uomo che fa surf su un'onda nell'oceano.
14736	 Un cane marrone che corre in un campo.
5867	 Un gruppo di cani che corrono su una pista.
4879	 Un gruppo di bambini che nuotano in acqua.
15875	 Un uomo e una donna stanno camminando lungo una strada di mattoni.
25316	 Un uomo in camicia bianca e pantaloni neri sta giocando con una palla da tennis.
4981	 Due ragazze sono sedute a un tavolo a mangiare.
5330	 Un cane bianco e marrone corre in un campo.
6694	 Un uomo che suona la chitarra.
23144	 Un uomo e una donna stanno camminando per strada.
12133	 Un gruppo di persone è in piedi su un marciapiede vicino a un fiume.
10620	 Un uomo e una donna sono seduti su una panchina.
21105	 Un uomo con un cappello nero e una giacca nera sta camminando per strada.
23560	 Un uomo e una donna sono seduti su una panchina di fronte ad un edificio.
6334	 Un cane nero e marrone che salta in aria per prendere una palla rossa.
25753	 Un bambino è seduto su una panchina di legno.
8412	 Una donna in camicia nera e pantaloni neri sta camminando per strada.
27671	 Un giocatore di baseball che indossa una maglietta bianca e un cappello da baseball si prepara a lanciare la
9579	 Un gruppo di giocatori di calcio che giocano a football. <end>
7631	 Un gruppo di persone si riunisce intorno a un tavolo.
5441	 Un cane bianco e nero corre sulla spiaggia.
124	 Un uomo in camicia bianca e pantaloni neri si trova di fronte ad un edificio.
748	 Un gruppo di persone che camminano per strada.
28328	 Un gruppo di persone sedute intorno a un tavolo a mangiare.
972	 Un uomo che fa un trucco sulla sua skateboard in una giornata di sole.
26015	 Un uomo sta guidando una bicicletta.
20934	 Un gruppo di persone è in piedi su un molo vicino all'acqua.
1987	 Una donna in camicia nera e pantaloni neri si siede su una sedia a rotelle con un ombrello rosso.
13744	 Un uomo e una donna sono seduti su una panchina.
22835	 Un uomo in camicia nera e pantaloni neri si trova di fronte ad un edificio.
28879	 Un uomo e una donna che camminano lungo un sentiero in un campo.
7702	 Due ragazze che saltano in aria.
17731	 Un uomo e una donna sono seduti su una panchina.
3437	 Un uomo con una camicia bianca e pantaloni neri sta lavorando su un tetto.
8870	 Un ragazzo con gli occhiali da sole e un cappello da bagno si sta mettendo in posa per una
20858	 Un uomo e una donna sono seduti su una panchina.
3724	 Un gruppo di persone che pesca in un lago.
17903	 Un bambino con il casco rosso sta guidando una moto rossa.
21067	 Un uomo e una donna camminano sulla spiaggia.
539	 Un uomo e una donna sono seduti su una panchina.
24071	 Un gruppo di persone che camminano lungo un sentiero di pietra.
26843	 Un gruppo di persone si riunisce intorno ad un edificio.
18998	 Un gruppo di persone in posa per una foto di fronte a una folla di persone.
29301	 Un uomo con una maglietta blu e jeans blu che fa un trucco su una rampa.
23107	 Un uomo e una donna in posa per una foto.
22476	 Un gruppo di persone in piedi su un treno.
24777	 Un uomo con un cappello nero e una camicia nera sta cantando al microfono.
9885	 Un uomo e una donna sono seduti su una panchina.
30557	 Un uomo e una donna sono seduti su una panchina.
23346	 Un uomo in moto che guida una moto rossa.
17347	 Un uomo con un cappello da cowboy e un cappello da cowboy e un cappello da cowboy e un
1821	 Un uomo e una donna sono seduti su una panchina.
14479	 Un uomo con gli occhiali da sole e una giacca di pelle nera che guarda la telecamera.
2600	 Un gruppo di persone si riunisce intorno a un muro di pietra.
9342	 Un ragazzo fa un trucco su uno skateboard su una rampa.
16532	 Un bambino che dorme in un letto d'ospedale.
4367	 Un uomo con un cappello da baseball e un cappello da baseball sta parlando al cellulare.
17510	 Un uomo con una camicia bianca e un cappello da baseball sta tagliando un pezzo di legno.
3082	 Un gruppo di persone che camminano lungo un sentiero di pietra.
10124	 Un cane bianco e nero corre sull'erba.
7739	 Un cane bianco e nero salta su un ostacolo.
19005	 Un uomo con un cappello da cowboy e un cappello da cowboy è in piedi accanto a un cane
6300	 Una donna con gli occhiali da sole e un cappello da baseball si trova di fronte ad un edificio.
4313	 Un uomo che si arrampica su una scogliera.
6250	 Un cane bianco e nero salta in acqua.
16631	 Un gruppo di persone si trova di fronte ad un edificio di mattoni.
2956	 Un bambino con i capelli biondi e una maglietta blu è seduto a un tavolo a mangiare.
4902	 Un uomo con un cappello rosso e un cappello da baseball nero si trova di fronte a una folla.
2690	 Un giocatore di calcio che indossa una maglietta blu e bianca e nera che corre sull'erba.
10379	 Un uomo in camicia bianca e pantaloni neri sta camminando per strada.
20981	 Un uomo con un cappello da baseball e un gilet arancione sta scalando un muro di roccia.
17497	 Un uomo con una camicia nera e un cappello da baseball si trova vicino ad un albero.
25149	 Un uomo e una donna sono seduti a un tavolo a mangiare.
12084	 Un uomo e una donna sono seduti su una panchina di fronte a un muro di mattoni.
5621	 Un ragazzo che gioca a calcio.
9673	 Un uomo e una donna camminano lungo un sentiero di pietra.
5881	 Un gruppo di persone si siede su una panchina di fronte ad un edificio.
3078	 Un gruppo di persone è seduto su una roccia vicino all'oceano.
8079	 Un uomo con un cappello da cowboy sta guidando un carro disegnato a cavallo.
16049	 Un uomo e una donna camminano sulla spiaggia.
15448	 Un gruppo di persone che camminano lungo un sentiero in un campo di grano.
21696	 Un uomo sta guidando una bicicletta.
4510	 Un cane marrone che corre in un campo.
28389	 Un cowboy sta guidando un cavallo in un rodeo.
11400	 Un uomo senza camicia si sta rasando la faccia con un rasoio dritto.
973	 Un uomo che nuota in acqua.
4801	 Un gruppo di persone si trova di fronte ad un edificio.
9502	 Un uomo in maglietta blu corre in una gara.
26256	 Un uomo con una camicia bianca e un apron bianco sta tagliando un pezzo di carta.
11656	 Un uomo e una donna in posa per una foto.
6031	 Un uomo con il casco rosso sta guidando una moto rossa.
279	 Un ragazzo con una maglietta blu e pantaloni neri sta giocando a bowling in una palestra.
21510	 Un gruppo di persone sta fuori da un edificio.
20071	 Un uomo con una camicia nera e un cappello da baseball si trova di fronte a una finestra di
22440	 Un uomo e una donna che camminano lungo un sentiero sporco.
2803	 Un gruppo di operai edili che lavora in un cantiere.
4343	 Un cane bianco che corre in un cortile coperto.
5947	 Due cani che giocano in un cortile coperto.
27726	 Un gruppo di giocatori di calcio che giocano a calcio.
17346	 Un gruppo di persone si riunisce in un parco di divertimento.
5989	 Un uomo e una donna stanno camminando per strada.
25952	 Una donna con gli occhiali da sole è seduta su una sedia a rotelle.
15759	 Un uomo e una donna sono seduti su una panchina.
13276	 Due cani che corrono in un campo.
23098	 Un gruppo di persone si riunisce intorno a un tavolo.
14453	 Due bambini piccoli sono seduti su una panchina.
24095	 Un gruppo di persone si riunisce in un mercato all'aperto.
18418	 Un gruppo di persone si riunisce intorno a un tavolo.
20709	 Un uomo e una donna in posa per una foto.
9979	 Un uomo e una donna seduti su un divano rosso.
21498	 Un grande gruppo di persone si riunisce in una strada affollata.
19838	 Due giocatori di baseball che giocano a baseball.
22994	 Un gruppo di persone si trova di fronte a una bancarella di frutta.
26446	 Un uomo con gli occhiali da sole e una camicia bianca è in piedi su una scala di legno.
17615	 Due squadre di calcio che giocano a calcio.
30384	 Un giocatore di basket sta cercando di prendere la palla.
11906	 Un gruppo di persone vestite di bianco e rosso che si esibiscono.
2851	 Un uomo con una camicia nera e un cappello da baseball sta lavorando su un pezzo di metallo.
13388	 Un uomo e una donna in posa per una foto.
18028	 Un uomo che si arrampica su una parete rocciosa.
26984	 Un gruppo di persone che camminano lungo una strada di mattoni.
28142	 Un uomo e una donna seduti su un divano bianco.
12375	 Un ragazzo con una maglietta blu e un cappello da baseball sta giocando con una palla da calcio.
21301	 Un uomo e una donna sono seduti su una panchina.
10575	 Un uomo con un cappello da cowboy e un cappello da cowboy si trova di fronte a una folla.
25637	 Un uomo e una donna sono seduti su una panchina di fronte ad un edificio. <end>
29177	 Una persona che fa snowboard su una rampa.
1202	 Due bambini giocano a calcio su un campo da baseball.
8364	 Un uomo e una donna in posa per una foto.
29830	 Una giovane donna che gioca a tennis.
17823	 Un cane bianco e marrone che corre in un campo erboso.
487	 Un bambino che salta da una tavola da immersione in una piscina.
10469	 Una persona che fa surf su una grande onda nell'oceano.
2551	 Un uomo e una donna in posa per una foto.
3162	 Un bambino che indossa una maglietta blu a maniche lunghe e un cappello da baseball è seduto a un
6067	 Una ragazza con un vestito rosa e un cappello rosa è seduta su una panchina.
17376	 Un uomo e una donna sono seduti a un tavolo a mangiare.
3245	 Due persone sono su una barca in acqua.
19508	 Un gruppo di persone che camminano lungo una strada in una città.
30781	 Un gruppo di persone che camminano per strada.
15374	 Un gruppo di bambini che si divertono in una stanza piena di persone.
24327	 Un gruppo di ciclisti che corrono in una gara.
8903	 Un gruppo di persone è seduto su una panchina di fronte ad un edificio di mattoni.
10691	 Un gruppo di persone che si divertono in una piscina. <end>
97	 Un uomo con un cappello rigido sta lavorando su un tetto.
17573	 Un uomo con una camicia nera e jeans blu è seduto su una sedia di fronte ad un edificio
23099	 Un gruppo di persone si riunisce intorno a un tavolo.
9323	 Un giocatore di calcio sta calciando una palla di calcio.
21530	 Un uomo con gli occhiali da sole e un cappello da baseball è seduto su una sedia.
8528	 Una donna con un vestito rosso e una gonna rossa sta camminando per strada.
26039	 Un giocatore di tennis che si prepara a lanciare la palla.
8561	 Un gruppo si esibisce sul palco.
17057	 Un uomo con gli occhiali e una camicia nera si trova di fronte a un ristorante.
30664	 Un gruppo di persone si riunisce in un parco di divertimento.
23115	 Una donna in bikini che nuota in acqua.
15176	 Un uomo in camicia bianca e pantaloni neri sta giocando a tennis.
2410	 Un uomo in camicia bianca e pantaloni neri si siede a un tavolo in un ristorante.
12058	 Un uomo con un cappello da cowboy e un cappello da cowboy sta guidando un cavallo in un rodeo.
27025	 Un uomo e una donna sono seduti su una panchina.
18532	 Un ragazzo salta in aria sulla spiaggia.
24244	 Un uomo in camicia nera e pantaloni neri è in piedi accanto ad un edificio.
18499	 Un cane che corre sull'erba.
16888	 Un gruppo di persone che camminano in un campo.
23790	 Un uomo con una camicia nera e un cappello da baseball sta giocando con una palla da tennis.
15067	 Un uomo e una donna stanno camminando su una sentiera nei boschi.
11086	 Un uccello bianco che vola sopra l'acqua.
27830	 Una donna con una maglietta blu e pantaloni neri cammina per strada.
14332	 Un cane marrone che corre sull'erba.
3087	 Un uomo e una donna stanno guidando una bicicletta.
25315	 Un uomo e una donna sono seduti su una panchina.
28767	 Un uomo con un cappello da cowboy sta guidando un cavallo in un rodeo.
24806	 Un gruppo di persone che camminano per strada.
16124	 Un uomo è seduto su una roccia vicino ad un albero.
16739	 Un uomo in camicia bianca e pantaloni bianchi sta giocando a tennis.
4686	 Un bambino che gioca con una palla da calcio.
18061	 Un uomo con una camicia nera e un cappello da baseball sta dormendo su una macchina.
2319	 Un gruppo di persone si riunisce in una strada affollata.
9959	 Due giocatori di calcio che giocano a calcio.
2523	 Un uomo e una donna stanno camminando per strada.
20832	 Un uomo che fa un trucco su una rampa.
6486	 Due operai edili che lavorano su una ferrovia.
24521	 Un uomo con un cappello da cowboy e un cappello da cowboy e un cappello da cowboy e un
8776	 Un uomo che suona la chitarra e canta.
8766	 Un cane bianco e nero salta su un ostacolo.
13837	 Un uomo e una donna stanno camminando per strada.
5056	 Un bambino sta dormendo su un divano abbronzato.
17603	 Una donna con una gonna rossa e una gonna nera cammina per strada.
9242	 Un uomo in camicia bianca e pantaloni neri si trova di fronte ad un edificio.
16063	 Due auto da corsa corrono su una pista.
27817	 Un bambino che gioca con un set da gioco sul pavimento.
16048	 Un uomo in bicicletta su una strada sterrata.
2433	 Un uomo con una camicia bianca e un cappello da baseball sta lavorando su un pezzo di legno.
15588	 Un uomo con gli occhiali da sole e una camicia nera è in piedi accanto a una donna con
29480	 Un uomo che suona la chitarra sul palco.
5595	 Un uomo con una camicia nera e un cappello da baseball si sta appoggiando a un tavolo.
8993	 Un gruppo di persone si riunisce intorno a un tavolo.
6002	 Un uomo con una maglietta blu e jeans blu è in piedi su un marciapiede di fronte a un
14048	 Un gruppo di persone è in piedi in un campo da football.
16600	 Un uomo e una donna sono seduti su una panchina.
14582	 Un uomo con una camicia bianca e un cappello da baseball sta tagliando un pezzo di carne.
19555	 Un uomo suona la chitarra e canta.
17940	 Un gruppo di persone si riunisce intorno a un tavolo.
15186	 Un uomo in cima a una montagna.
472	 Due giocatori di calcio che giocano a calcio.
28662	 Un uomo con una camicia rossa e un cappello da cowboy sta guidando un cavallo bianco e nero.
8872	 Un cane bianco e nero corre sull'erba.
11747	 Un cane corre attraverso la neve.
23164	 Un gruppo di persone si riunisce intorno a un tavolo.
22223	 Un uomo in camicia bianca e pantaloni neri cammina per strada davanti a una finestra di un negozio.
24277	 Un uomo con un cappello da cowboy e una maglietta blu è seduto su una panchina.
3539	 Un uomo e una donna sono seduti a un tavolo.
17714	 Un uomo con un cappello da cowboy e un cappello da baseball bianco è seduto su una sedia a
9776	 Un uomo e una donna in posa per una foto.
17208	 Un uomo e una donna sono seduti su una panchina.
4007	 Un bambino che indossa una maglietta bianca e dei pantaloni neri sta giocando con una palla da calcio.
11207	 Un uomo in camicia bianca e pantaloni neri si trova di fronte ad un edificio.
6830	 Un gruppo di persone si riunisce intorno a un tavolo.
8337	 Un uomo con un gilet arancione e un cappello da baseball è in piedi accanto a un furgone bianco.
11939	 Un giocatore di calcio in bianco e nero sta calciando una palla di calcio.
10925	 Due bambini giocano in spiaggia.
12053	 Un gruppo di persone è in piedi su un molo in una giornata di sole.
18250	 Un gruppo di persone sedute a un tavolo a mangiare.
9506	 Un uomo con una camicia bianca e una camicia bianca sta lavorando a un tavolo.
11278	 Un uomo con un cappello da cowboy e un cappello da baseball si trova vicino ad un corpo d'acqua.
15020	 Un cane nero e marrone che corre in un campo.
30236	 Un gruppo di ciclisti che compete in una gara.
9736	 Un cane nero corre in acqua.
16070	 Due auto da corsa corrono su una pista.
9058	 Un uomo e una donna stanno camminando lungo un sentiero sporco.
10692	 Un uomo con un cappello da cowboy e un cappello da cowboy sta guidando un cavallo in un campo.
10858	 Un gruppo di persone si riunisce in una strada affollata.
20457	 Una donna con i capelli marroni che indossa una maglietta nera e una maglietta nera a maniche lunghe.
17978	 Un gruppo di persone che si esibiscono in una palestra.
25776	 Un uomo in camicia bianca e pantaloni neri si trova di fronte ad un edificio.
2131	 Un gruppo di persone che camminano per strada.
17037	 Un giocatore di tennis che gioca a tennis.
26615	 Un gruppo di donne che camminano per strada.
5854	 Un uomo e una donna sono seduti su una panchina.
1981	 Un uomo con una maglietta blu e un cappello da baseball è seduto su una panchina.
15219	 Un uomo che fa un trucco su una rampa.
4501	 Una bambina che gioca con una palla da calcio.
9978	 Un uomo con un cappello da cowboy e un cappello da cowboy si trova di fronte a una bancarella
20562	 Una giovane donna con gli occhiali da sole e una camicia nera con un bicchiere di vino.
14690	 Un uomo e una donna sono seduti su una panchina di fronte a un muro di mattoni.
3008	 Un cane marrone che corre in acqua.
28068	 Un gruppo di bambini che giocano a calcio.
2112	 Un gruppo di bambini che giocano a calcio in un parco.
8708	 Una donna con i capelli marroni che indossa una camicia bianca e un cappello da baseball è seduta a
14042	 Un bambino è seduto su una sedia a rotelle.
25	 Un uomo con gli occhiali da sole e gli occhiali da sole si trova di fronte a una folla.
24545	 Un uomo con una camicia bianca e pantaloni neri è in piedi accanto a un negozio di vestiti.
28893	 Un gruppo di persone si riunisce in un mercato all'aperto.
14558	 Un uomo e una donna sono seduti su una panchina.
5580	 Un uomo e una donna in posa per una foto.
15974	 Un gruppo di persone si riunisce intorno a un tavolo.
29043	 Due giocatori di calcio che giocano a calcio.
15061	 Un uomo e una donna sono seduti su una panchina di fronte a una tenda bianca.
13543	 Un bambino con i capelli biondi sta mangiando un panino.
26419	 Un uomo con un cappello da baseball e una camicia bianca e un cappello da baseball sta lavorando ad
4816	 Un uomo e una donna sorridono per la telecamera.
25456	 Un uomo con un cappello da cowboy sta guidando un cavallo in un rodeo.
19643	 Un gruppo di persone si trova di fronte ad un edificio di mattoni.
20592	 Un uomo e una donna stanno camminando per strada.
16455	 Un gruppo di persone si riunisce intorno a un tavolo.
22341	 Un uomo e una donna stanno camminando lungo un sentiero di pietra.
10629	 Un gruppo di persone si trova di fronte a una struttura di metallo.
133	 Un gruppo di persone in giacca e cravatta che camminano nella neve.
6283	 Un gruppo di persone si riunisce in una strada affollata.
6008	 Due bambini che giocano a calcio su un campo da calcio.
23091	 Un uomo con un cappello da cowboy e un gilet nero suona la chitarra.
219	 Una donna con gli occhiali da sole e una camicia a strisce e una donna con una maglietta a
22886	 Un gruppo di persone si trova di fronte ad un edificio di mattoni.
23617	 Un gruppo di persone che camminano per strada.
11363	 Un gruppo che suona sul palco.
9065	 Un gruppo di bambini che giocano in un parco.
21121	 Un gruppo di persone si riunisce intorno a un tavolo.
30843	 Un uomo con un cappello da cowboy e un cappello da cowboy si trova di fronte a un gruppo
30503	 Due giocatori di basket che giocano a basket.
3476	 Un bambino con una maglietta rossa sta piangendo.
11124	 Un gruppo di persone si riunisce intorno a un tavolo.
14337	 Una donna in camicia bianca e pantaloni neri si trova di fronte ad un edificio.
27733	 Un ragazzo in maglietta blu sta giocando a bowling in un bowling alleato.
9908	 Un uomo in muta blu sta facendo surf su una tavola da surf.
29364	 Un uomo e una donna sono seduti sull'erba.
16871	 Un gruppo di persone si riunisce intorno a un tavolo.
12486	 Un uccello bianco vola in aria.
30283	 Un gruppo di giocatori di football che si prepara a lanciare la palla.
5240	 Un cane bianco e nero salta in aria per prendere una palla da tennis.
7492	 Un gruppo di persone si riunisce intorno a un carro disegnato a cavallo.
25479	 Due giocatori di football che giocano a football.
12994	 Un cane bianco e nero corre attraverso la neve.
15878	 Un uomo e una donna che si stringono le mani.
20005	 Un uomo con un cappello nero e una camicia nera è seduto su una panchina di fronte ad un
11514	 Un gruppo di persone sedute su una roccia vicino ad un edificio di mattoni.
26846	 Un uomo con gli occhiali da sole e un cappello da baseball si trova di fronte ad un edificio.
17652	 Un grande gruppo di persone si riunisce in una strada affollata.
19356	 Un uomo che fa un salto su una collina di sabbia.
134	 Due giocatori di baseball che giocano a baseball.
14316	 Un uomo e una donna sono seduti a un tavolo a mangiare.
19435	 Un uomo e una donna sono seduti a un tavolo a mangiare.
15556	 Un gruppo di persone è in piedi su una spiaggia vicino a un lago.
8225	 Un cane bianco e nero corre sulla spiaggia.
18979	 Un cane bianco e marrone corre sull'erba.
11963	 Un snowboarder che fa snowboard su una pendenza.
19867	 Un uomo in camicia nera e pantaloni neri sta giocando a tennis.
2124	 Un cane marrone che corre in un campo.
28470	 Un uomo con gli occhiali e una camicia nera sta usando un microscopio.
12293	 Un uomo con un cappello da cowboy e una camicia nera è seduto su una panchina di fronte a
7597	 Una bambina con un vestito rosa e un vestito rosa che cammina in un parco.
20898	 Un uomo e una donna camminano lungo un sentiero di pietra.
18994	 Un uomo con gli occhiali da sole e un cappello nero è seduto su una panchina.
5763	 Un ragazzo con una maglietta blu e jeans blu sta giocando con una palla da calcio.
8519	 Un uomo in camicia bianca e pantaloni neri che salta in aria per prendere una palla da tennis.
30893	 Un uomo e una donna stanno camminando per strada.
21222	 Un uomo e una donna stanno camminando lungo una strada cittadina.
11239	 Un cane bianco che nuota in acqua.
5618	 Un uomo e una donna sono seduti a un tavolo in un ristorante.
51	 Un uomo in camicia bianca e pantaloni neri sta giocando a tennis.
1196	 Un bambino con i capelli biondi sta mangiando un piatto di cibo.
22383	 Un uomo con una camicia bianca e pantaloni neri è in piedi accanto ad un edificio di mattoni.
8267	 Un uomo con un cappello da cowboy e una camicia nera si trova di fronte a un muro di
18426	 Un gruppo di persone si riunisce in un mercato all'aperto.
18155	 Un uomo suona la chitarra e canta.
5160	 Un cane nero e marrone che corre in un campo.
30652	 Un gruppo di persone sedute su una panchina del parco.
2909	 Un uomo con un cappello blu e una camicia blu sta scalando un muro di roccia.
12813	 Un uomo e una donna sono seduti a un tavolo in un ristorante.
670	 Un uomo in camicia nera e pantaloni neri si siede su una sedia a rotelle.
29629	 Un uomo con un cappello da cowboy e un cappello da baseball si trova di fronte a un camion
11234	 Un gruppo di persone si esibisce sul palco.
17750	 Un gruppo di persone si riunisce intorno ad un edificio.
11152	 Un giocatore di hockey che indossa una maglietta bianca e nera con il numero 8 è sul ghiaccio.
11979	 Un uomo e una donna sono seduti a un tavolo a mangiare.
15834	 Un uomo e una donna sono seduti su una panchina di fronte a un muro di mattoni.
18146	 Un gruppo di persone si riunisce intorno a un tavolo.
25554	 Un uomo con una camicia bianca e un apron blu sta cucinando.
23827	 Un uomo e una donna sono seduti su una panchina.
28923	 Un giocatore di baseball che indossa una mazza da baseball e una mazza da baseball scivola verso la base.
14495	 Un uomo e una donna seduti su una panchina.
29508	 Un giocatore di tennis che gioca a tennis.
6242	 Un uomo con un cappello da cowboy sta guidando un carro disegnato a cavallo.
22892	 Un uomo con una camicia rossa e dei pantaloni neri sta giocando a tennis.
5724	 Un cane nero corre sull'erba.
20302	 Un uomo che suona la chitarra.
7584	 Un uomo con una camicia nera e jeans blu sta facendo un trucco su una rampa.
20640	 Una donna con gli occhiali da sole e una camicia nera tiene in mano un microfono.
20297	 Un cane bianco e nero salta su un letto.
24535	 Un gruppo di persone che camminano lungo un sentiero in un campo.
3500	 Un uomo con una camicia bianca e un cappello da baseball si sta mettendo in posa per una foto.
1044	 Un gruppo di persone si riunisce in un parco di divertimento.
7909	 Un uomo che fa surf in acqua.
13992	 Un ragazzo con una maglietta blu e jeans blu è in piedi accanto a un muro di mattoni.
8940	 Un cane bianco e nero corre sull'erba.
29424	 Due squadre di calcio che giocano a calcio.
12356	 Un cane bianco e nero salta in aria per prendere una palla da tennis.
24457	 Un uomo e una donna sono seduti su una panchina.
26084	 Un uomo sta guidando una bicicletta.
13648	 Un bambino con il camice rosso e il cappello rosso sta slittando nella neve.
28966	 Un uomo con un cappello da cowboy e un cappello da cowboy è in piedi su una barca a
22755	 Un uomo e una donna sono seduti su una panchina vicino ad un corpo d'acqua.
21778	 Un uomo sta scalando un muro di roccia.
3826	 Un uomo e una donna stanno camminando per strada.
20891	 Un gruppo di persone che camminano lungo un sentiero di pietra.
22956	 Un gruppo di persone si siede su una panchina del parco.
11423	 Due cani neri giocano nella neve.
6645	 Un uomo in camicia bianca e pantaloni neri si trova di fronte ad un edificio.
4562	 Un uomo e una donna sono seduti a un tavolo a mangiare.
1594	 Un gruppo di persone si riunisce in un parco.
20154	 Un uomo con un cappello da cowboy sta guidando un carro disegnato a cavallo.
29357	 Un uomo con il casco rosso sta guidando una bicicletta.
16199	 Una donna in camicia nera e pantaloni neri si siede su una sedia a rotelle.
19027	 Un gruppo di persone si riunisce intorno a un tavolo.
6376	 Un cowboy sta guidando un cavallo in un rodeo.
13990	 Un cane nero salta in aria per prendere una palla da tennis.
24181	 Un uomo e una donna stanno guidando una moto rossa.
11516	 Un gruppo di bambini che giocano in un parco giochi.
13629	 Un uomo che fa surf nell'oceano.
26946	 Un uomo e una donna sono seduti su una sedia a rotelle.
10088	 Un uomo e una donna in posa per una foto.
29862	 Un bambino con i capelli biondi sta mangiando un cono gelato.
9223	 Un uomo in camicia bianca e pantaloni blu sta giocando a tennis.
22847	 Un uomo e una donna che camminano per strada.
17772	 Un gruppo di persone si riunisce intorno a un tavolo.
19071	 Un ragazzo con una maglietta blu e jeans blu sta giocando con una palla da calcio.
22258	 Un gruppo di persone che guidano cammelli.
28042	 Due auto da corsa corrono su una pista da corsa.
1030	 Un gruppo di persone si riunisce intorno a un treno.
2054	 Un uomo con un cappello da cowboy e una maglietta blu suona la chitarra.
10171	 Un bambino che indossa una maglietta blu a maniche lunghe e jeans blu è seduto su una sedia a
8274	 Un uomo e una donna sono seduti su una panchina di fronte ad un edificio.
9074	 Un uomo e una donna sono seduti su una panchina.
22317	 Un uomo con un cappello da cowboy e una maglietta blu sta camminando per strada.
13170	 Due giocatori di hockey che giocano a hockey.
12782	 Un uomo in camicia bianca e pantaloni neri sta giocando a tennis.
19724	 Un gruppo di persone si riunisce intorno a una partita di calcio.
5970	 Due cani che corrono in un campo erboso.
3109	 Un uomo in camicia bianca e pantaloni neri sta giocando a un gioco di carnevale.
23205	 Un uomo in camicia bianca e pantaloni neri cammina per strada.
9803	 Un uomo che fa un trucco in bicicletta.
13566	 Un bambino che indossa una maglietta blu e dei pantaloni blu è seduto su una diapositiva blu.
12969	 Un gruppo di persone che si muovono in un rodeo.
8631	 Un uomo e una donna sono in piedi su un lago.
29489	 Un uomo con un cappello rigido sta lavorando su una struttura di metallo.
19384	 Un uomo e una donna sono seduti su una panchina.
26906	 Una donna con una camicia nera e un cappello da baseball sta guardando un supermercato.
9592	 Un gruppo di persone si riunisce intorno a un gruppo di persone.
23351	 Un uomo e una donna in posa per una foto.
21725	 Un gruppo di persone che camminano lungo una strada affollata.
19545	 Un uomo in camicia nera e pantaloni neri cammina per strada.
1305	 Un gruppo di persone si riunisce intorno a un negozio di biciclette.
1206	 Un uomo con una camicia nera e un apron nero sta cucinando.
10390	 Un uomo in camicia nera sta cantando al microfono.
16004	 Due giocatori di hockey che giocano a hockey.
11624	 Un gruppo di persone si riunisce in un parco di divertimento.
8982	 Una ragazzina con gli occhiali da sole è seduta su una sedia a rotelle.
1390	 Un uomo con un cappello blu e una maglietta blu sta giocando a calcio.
654	 Un gruppo di persone si riunisce intorno a un tavolo.
26411	 Un gruppo di persone che si muovono in bicicletta su una collina.
26536	 Un cane bianco e nero salta in aria per prendere una palla da calcio.
7263	 Una donna in camicia rossa e pantaloni neri è seduta su una panchina.
887	 Una donna con una camicia nera e dei pantaloni neri è seduta su una panchina di legno.
30549	 Un uomo in camicia bianca e pantaloni neri sta giocando a tennis.
20656	 Un uomo in camicia bianca e pantaloni neri sta giocando a tennis.
2615	 Un uomo con una camicia rossa e un cappello da baseball si trova di fronte a una folla di
9609	 Un gruppo di persone si riunisce in un parco di divertimento.
12077	 Un giocatore di tennis che gioca a tennis.
9088	 Un uomo che fa un salto in bicicletta su una collina.
1576	 Un gruppo di persone si trova vicino ad un corpo d'acqua.
4317	 Un uomo in giacca e cravatta che cammina su una strada innevata.
6661	 Un uomo e una donna sono in piedi su un molo vicino all'acqua.
1310	 Un grande gruppo di persone si riunisce in una folla di persone.
23065	 Un gruppo di persone che camminano lungo un sentiero in un parco.
19247	 Una donna con gli occhiali da sole e un cappello nero cammina per strada.
15650	 Una donna in camicia bianca e pantaloni neri sta giocando a calcio.
20139	 Un gruppo di uomini che suonano la chitarra e cantano sul palco.
27250	 Due persone sono sedute su una roccia vicino a un fiume.
10666	 Un uomo con una camicia bianca e jeans blu sta giocando a bowling.
26969	 Un gruppo di donne che camminano per strada.
19639	 Un uomo e una donna camminano lungo una strada di mattoni.
8280	 Un uomo con un cappello da cowboy e un cappello da cowboy si trova di fronte a un negozio.
13916	 Una ginnasta femminile che si esibisce in una partita di basket.
11897	 Un uomo e una donna sono seduti a un tavolo a mangiare.
29197	 Un uomo e una donna sono seduti a un tavolo.
14941	 Un grande gruppo di persone si riunisce intorno a una grande folla.
24517	 Un uomo con un cappello da cowboy sta guidando un cavallo in un rodeo.
8611	 Un uomo con un cappello rosso e una camicia rossa e un cappello da baseball rosso si trova di
16810	 Un uomo con un cappello da cowboy e un cappello da cowboy si trova di fronte a una folla.
19830	 Un uomo con gli occhiali da sole e un cappello da baseball si trova di fronte ad un edificio.
24863	 Un gruppo di persone che camminano lungo una strada di pietra.
26377	 Un uomo con un cappello rigido sta lavorando su un tetto.
27240	 Un uomo che suona la chitarra sul palco.
2044	 Un uomo e una donna camminano sulla spiaggia.
22115	 Un uomo con una maglietta blu e un cappello da baseball sta guardando un altro uomo che indossa una
12865	 Un uomo che fa un trucco su uno skateboard.
20448	 Un gruppo di persone si riunisce intorno a un tavolo.
18723	 Due cani marroni corrono sull'erba.
4041	 Un gruppo di persone si riunisce intorno a un tavolo.
5964	 Un gruppo di persone si riunisce intorno a un tavolo.
5327	 Un uomo con un cappello da cowboy e un cappello da cowboy si trova di fronte a un gruppo
24350	 Un uomo sta guidando un carro disegnato a cavallo.
29250	 Un gruppo di persone si riunisce intorno a un tavolo.
21544	 Un uomo con gli occhiali da sole e un cappello da baseball sta guardando un altro uomo che indossa
22478	 Un uomo con un cappello da cowboy e una camicia rossa sta camminando lungo un sentiero di pietra.
3703	 Un bambino che indossa una maglietta bianca e un cappello da baseball sta piangendo.
24476	 Un gruppo di persone si trova di fronte a un muro coperto di graffiti.
28113	 Un giocatore di tennis che gioca a tennis.
26366	 Un uomo e una donna sono seduti su una panchina.
1480	 Un uomo senza camicia si sta mettendo in posa per la telecamera.
2678	 Un grande gruppo di persone si riunisce intorno a un tavolo in un ristorante.
22968	 Un uomo con un cappello da cowboy e un cappello da cowboy è in piedi accanto a una donna
22751	 Un gruppo di persone sedute su una panchina.
12402	 Un gruppo di persone che camminano in un campo.
8654	 Un uomo in camicia bianca e pantaloni neri si trova in un parco giochi.
12305	 Un uomo e una donna che camminano per strada.
16347	 Un uomo con un cappello da cowboy e un cappello da baseball sta lavorando su un pezzo di legno.
16992	 Un uomo con un cappello da cowboy e un cappello da cowboy e un cappello da cowboy e un
29185	 Due bambini giocano in una piscina.
24624	 Un uomo e una donna sono seduti su una sedia a rotelle.
19277	 Un uomo in camicia nera e pantaloni neri si trova di fronte ad un edificio.
8740	 Un gruppo di bambini che giocano a videogiochi.
5835	 Un bambino che gioca con un giocattolo in un parco giochi.
14596	 Un ragazzo in bicicletta che fa un trucco in bicicletta.
26393	 Un uomo e una donna in piedi su una barca in acqua.
19929	 Una donna con gli occhiali da sole e una camicia nera tiene in mano un pezzo di carta.
27804	 Due squadre di calcio che giocano a calcio.
6078	 Un cane che corre in acqua.
30456	 Un uomo e una donna camminano lungo una strada di notte.
3130	 Un uomo con un cappello da cowboy e un cappello da cowboy si trova di fronte a un mucchio
20507	 Un ciclista che fa un trucco su una bicicletta.
30480	 Due giocatori di baseball che giocano a baseball.
13770	 Una donna con una gonna rossa e una gonna rossa è in piedi accanto a una donna con un
6781	 Un gruppo di persone si arrampica su un muro di roccia.
4402	 Un uomo e una donna sono seduti su una panchina.
5261	 Un uomo con una camicia bianca e un apron bianco sta cucinando.
1072	 Un uomo con una camicia rossa e un cappello da baseball è in piedi accanto ad un edificio con
27863	 Un gruppo di persone sedute intorno a un tavolo.
15410	 Un bambino con una maglietta blu e dei pantaloni blu è seduto su una sedia a rotelle.
10663	 Un uomo con una camicia bianca e jeans blu sta scalando un muro di roccia.
6127	 Un uomo in camicia bianca e pantaloni neri si trova di fronte ad un edificio.
30674	 Un gruppo di persone si riunisce intorno a un tavolo.
17468	 Un gruppo di persone si riunisce intorno a un tavolo.
22193	 Un uomo con un cappello da cowboy e un cappello da cowboy è seduto su un mucchio di foglie.
23863	 Un gruppo di persone si riunisce intorno a un tavolo.
22389	 Un bambino con una maglietta blu e jeans blu è seduto su una panchina.
16381	 Un uomo e una donna camminano per strada.
15138	 Un gruppo di persone si trova di fronte ad un edificio di mattoni.
