7409 	 Un gruppo di persone sta camminando per strada.
25757 	 Un gruppo di persone sta camminando per strada.
20920 	 Un gruppo di persone sta camminando per strada.
28215 	 Un gruppo di persone sta camminando per strada.
24314 	 Un gruppo di persone sta camminando per strada.
14430 	 Un gruppo di persone sta camminando per strada.
6318 	 Un gruppo di persone sta camminando per strada.
13876 	 Un gruppo di persone sta camminando per strada.
14898 	 Un gruppo di persone sta camminando per strada.
27306 	 Un gruppo di persone sta camminando per strada.
2256 	 Un gruppo di persone sta camminando per strada.
22213 	 Un gruppo di persone sta camminando per strada.
14303 	 Un gruppo di persone sta camminando per strada.
15291 	 Un gruppo di persone sta camminando per strada.
7610 	 Un gruppo di persone sta camminando per strada.
30256 	 Un gruppo di persone sta camminando per strada.
3180 	 Un gruppo di persone sta camminando per strada.
22185 	 Un gruppo di persone sta camminando per strada.
3096 	 Un gruppo di persone sta camminando per strada.
27643 	 Un gruppo di persone sta camminando per strada.
2476 	 Un gruppo di persone sta camminando per strada.
1892 	 Un gruppo di persone sta camminando per strada.
24232 	 Un gruppo di persone sta camminando per strada.
3204 	 Un gruppo di persone sta camminando per strada.
24443 	 Un gruppo di persone sta camminando per strada.
10221 	 Un gruppo di persone sta camminando per strada.
10458 	 Un gruppo di persone sta camminando per strada.
15547 	 Un gruppo di persone sta camminando per strada.
24877 	 Un gruppo di persone sta camminando per strada.
29289 	 Un gruppo di persone sta camminando per strada.
4743 	 Un gruppo di persone sta camminando per strada.
11827 	 Un gruppo di persone sta camminando per strada.
22099 	 Un gruppo di persone sta camminando per strada.
20058 	 Un gruppo di persone sta camminando per strada.
12483 	 Un gruppo di persone sta camminando per strada.
16134 	 Un gruppo di persone sta camminando per strada.
29735 	 Un gruppo di persone sta camminando per strada.
19969 	 Un gruppo di persone sta camminando per strada.
11727 	 Un gruppo di persone sta camminando per strada.
24490 	 Un gruppo di persone sta camminando per strada.
12075 	 Un gruppo di persone sta camminando per strada.
7723 	 Un gruppo di persone sta camminando per strada.
23606 	 Un gruppo di persone sta camminando per strada.
20736 	 Un gruppo di persone sta camminando per strada.
2089 	 Un gruppo di persone sta camminando per strada.
17749 	 Un gruppo di persone sta camminando per strada.
14766 	 Un gruppo di persone sta camminando per strada.
610 	 Un gruppo di persone sta camminando per strada.
21414 	 Un gruppo di persone sta camminando per strada.
9819 	 Un gruppo di persone sta camminando per strada.
24642 	 Un gruppo di persone sta camminando per strada.
22859 	 Un gruppo di persone sta camminando per strada.
13892 	 Un gruppo di persone sta camminando per strada.
7283 	 Un gruppo di persone sta camminando per strada.
13671 	 Un gruppo di persone sta camminando per strada.
2388 	 Un gruppo di persone sta camminando per strada.
382 	 Un gruppo di persone sta camminando per strada.
10724 	 Un gruppo di persone sta camminando per strada.
3423 	 Un gruppo di persone sta camminando per strada.
11424 	 Un gruppo di persone sta camminando per strada.
15800 	 Un gruppo di persone sta camminando per strada.
27508 	 Un gruppo di persone sta camminando per strada.
3995 	 Un gruppo di persone sta camminando per strada.
3529 	 Un gruppo di persone sta camminando per strada.
19875 	 Un gruppo di persone sta camminando per strada.
2274 	 Un gruppo di persone sta camminando per strada.
11960 	 Un gruppo di persone sta camminando per strada.
14210 	 Un gruppo di persone sta camminando per strada.
20878 	 Un gruppo di persone sta camminando per strada.
17828 	 Un gruppo di persone sta camminando per strada.
28800 	 Un gruppo di persone sta camminando per strada.
2605 	 Un gruppo di persone sta camminando per strada.
322 	 Un gruppo di persone sta camminando per strada.
20171 	 Un gruppo di persone sta camminando per strada.
16933 	 Un gruppo di persone sta camminando per strada.
12467 	 Un gruppo di persone sta camminando per strada.
9496 	 Un gruppo di persone sta camminando per strada.
16208 	 Un gruppo di persone sta camminando per strada.
15481 	 Un gruppo di persone sta camminando per strada.
26609 	 Un gruppo di persone sta camminando per strada.
13325 	 Un gruppo di persone sta camminando per strada.
13978 	 Un gruppo di persone sta camminando per strada.
9858 	 Un gruppo di persone sta camminando per strada.
23093 	 Un gruppo di persone sta camminando per strada.
24819 	 Un gruppo di persone sta camminando per strada.
12903 	 Un gruppo di persone sta camminando per strada.
30177 	 Un gruppo di persone sta camminando per strada.
15825 	 Un gruppo di persone sta camminando per strada.
22834 	 Un gruppo di persone sta camminando per strada.
25571 	 Un gruppo di persone sta camminando per strada.
21951 	 Un gruppo di persone sta camminando per strada.
13861 	 Un gruppo di persone sta camminando per strada.
22638 	 Un gruppo di persone sta camminando per strada.
25731 	 Un gruppo di persone sta camminando per strada.
5576 	 Un gruppo di persone sta camminando per strada.
4494 	 Un gruppo di persone sta camminando per strada.
5447 	 Un gruppo di persone sta camminando per strada.
28796 	 Un gruppo di persone sta camminando per strada.
7421 	 Un gruppo di persone sta camminando per strada.
628 	 Un gruppo di persone sta camminando per strada.
22827 	 Un gruppo di persone sta camminando per strada.
6582 	 Un gruppo di persone sta camminando per strada.
28209 	 Un gruppo di persone sta camminando per strada.
2177 	 Un gruppo di persone sta camminando per strada.
6063 	 Un gruppo di persone sta camminando per strada.
17309 	 Un gruppo di persone sta camminando per strada.
10266 	 Un gruppo di persone sta camminando per strada.
8375 	 Un gruppo di persone sta camminando per strada.
27399 	 Un gruppo di persone sta camminando per strada.
22261 	 Un gruppo di persone sta camminando per strada.
24520 	 Un gruppo di persone sta camminando per strada.
4463 	 Un gruppo di persone sta camminando per strada.
200 	 Un gruppo di persone sta camminando per strada.
16511 	 Un gruppo di persone sta camminando per strada.
19942 	 Un gruppo di persone sta camminando per strada.
3848 	 Un gruppo di persone sta camminando per strada.
20711 	 Un gruppo di persone sta camminando per strada.
15795 	 Un gruppo di persone sta camminando per strada.
22228 	 Un gruppo di persone sta camminando per strada.
7228 	 Un gruppo di persone sta camminando per strada.
22889 	 Un gruppo di persone sta camminando per strada.
10133 	 Un gruppo di persone sta camminando per strada.
28233 	 Un gruppo di persone sta camminando per strada.
16679 	 Un gruppo di persone sta camminando per strada.
26416 	 Un gruppo di persone sta camminando per strada.
15465 	 Un gruppo di persone sta camminando per strada.
22936 	 Un gruppo di persone sta camminando per strada.
6666 	 Un gruppo di persone sta camminando per strada.
22003 	 Un gruppo di persone sta camminando per strada.
14913 	 Un gruppo di persone sta camminando per strada.
30089 	 Un gruppo di persone sta camminando per strada.
17598 	 Un gruppo di persone sta camminando per strada.
12386 	 Un gruppo di persone sta camminando per strada.
15574 	 Un gruppo di persone sta camminando per strada.
19441 	 Un gruppo di persone sta camminando per strada.
27571 	 Un gruppo di persone sta camminando per strada.
4917 	 Un gruppo di persone sta camminando per strada.
10033 	 Un gruppo di persone sta camminando per strada.
20098 	 Un gruppo di persone sta camminando per strada.
462 	 Un gruppo di persone sta camminando per strada.
13654 	 Un gruppo di persone sta camminando per strada.
18047 	 Un gruppo di persone sta camminando per strada.
26253 	 Un gruppo di persone sta camminando per strada.
22916 	 Un gruppo di persone sta camminando per strada.
18983 	 Un gruppo di persone sta camminando per strada.
13943 	 Un gruppo di persone sta camminando per strada.
4641 	 Un gruppo di persone sta camminando per strada.
5711 	 Un gruppo di persone sta camminando per strada.
16469 	 Un gruppo di persone sta camminando per strada.
22738 	 Un gruppo di persone sta camminando per strada.
7330 	 Un gruppo di persone sta camminando per strada.
608 	 Un gruppo di persone sta camminando per strada.
24251 	 Un gruppo di persone sta camminando per strada.
1081 	 Un gruppo di persone sta camminando per strada.
15633 	 Un gruppo di persone sta camminando per strada.
21913 	 Un gruppo di persone sta camminando per strada.
17264 	 Un gruppo di persone sta camminando per strada.
15989 	 Un gruppo di persone sta camminando per strada.
15733 	 Un gruppo di persone sta camminando per strada.
13670 	 Un gruppo di persone sta camminando per strada.
23953 	 Un gruppo di persone sta camminando per strada.
22747 	 Un gruppo di persone sta camminando per strada.
21441 	 Un gruppo di persone sta camminando per strada.
511 	 Un gruppo di persone sta camminando per strada.
12708 	 Un gruppo di persone sta camminando per strada.
29839 	 Un gruppo di persone sta camminando per strada.
25023 	 Un gruppo di persone sta camminando per strada.
15204 	 Un gruppo di persone sta camminando per strada.
22455 	 Un gruppo di persone sta camminando per strada.
1636 	 Un gruppo di persone sta camminando per strada.
6143 	 Un gruppo di persone sta camminando per strada.
29964 	 Un gruppo di persone sta camminando per strada.
1144 	 Un gruppo di persone sta camminando per strada.
1293 	 Un gruppo di persone sta camminando per strada.
25205 	 Un gruppo di persone sta camminando per strada.
1378 	 Un gruppo di persone sta camminando per strada.
10885 	 Un gruppo di persone sta camminando per strada.
26335 	 Un gruppo di persone sta camminando per strada.
25208 	 Un gruppo di persone sta camminando per strada.
20129 	 Un gruppo di persone sta camminando per strada.
12275 	 Un gruppo di persone sta camminando per strada.
16650 	 Un gruppo di persone sta camminando per strada.
10557 	 Un gruppo di persone sta camminando per strada.
3175 	 Un gruppo di persone sta camminando per strada.
4054 	 Un gruppo di persone sta camminando per strada.
14059 	 Un gruppo di persone sta camminando per strada.
6902 	 Un gruppo di persone sta camminando per strada.
3631 	 Un gruppo di persone sta camminando per strada.
20138 	 Un gruppo di persone sta camminando per strada.
20361 	 Un gruppo di persone sta camminando per strada.
29609 	 Un gruppo di persone sta camminando per strada.
25033 	 Un gruppo di persone sta camminando per strada.
6896 	 Un gruppo di persone sta camminando per strada.
10923 	 Un gruppo di persone sta camminando per strada.
762 	 Un gruppo di persone sta camminando per strada.
11056 	 Un gruppo di persone sta camminando per strada.
26074 	 Un gruppo di persone sta camminando per strada.
13347 	 Un gruppo di persone sta camminando per strada.
30310 	 Un gruppo di persone sta camminando per strada.
15716 	 Un gruppo di persone sta camminando per strada.
10871 	 Un gruppo di persone sta camminando per strada.
9862 	 Un gruppo di persone sta camminando per strada.
30658 	 Un gruppo di persone sta camminando per strada.
15967 	 Un gruppo di persone sta camminando per strada.
29509 	 Un gruppo di persone sta camminando per strada.
11945 	 Un gruppo di persone sta camminando per strada.
19915 	 Un gruppo di persone sta camminando per strada.
10982 	 Un gruppo di persone sta camminando per strada.
21130 	 Un gruppo di persone sta camminando per strada.
370 	 Un gruppo di persone sta camminando per strada.
20198 	 Un gruppo di persone sta camminando per strada.
21513 	 Un gruppo di persone sta camminando per strada.
15596 	 Un gruppo di persone sta camminando per strada.
15636 	 Un gruppo di persone sta camminando per strada.
1523 	 Un gruppo di persone sta camminando per strada.
4053 	 Un gruppo di persone sta camminando per strada.
9578 	 Un gruppo di persone sta camminando per strada.
22872 	 Un gruppo di persone sta camminando per strada.
3953 	 Un gruppo di persone sta camminando per strada.
30810 	 Un gruppo di persone sta camminando per strada.
28787 	 Un gruppo di persone sta camminando per strada.
18959 	 Un gruppo di persone sta camminando per strada.
22772 	 Un gruppo di persone sta camminando per strada.
28366 	 Un gruppo di persone sta camminando per strada.
4605 	 Un gruppo di persone sta camminando per strada.
6110 	 Un gruppo di persone sta camminando per strada.
3115 	 Un gruppo di persone sta camminando per strada.
7016 	 Un gruppo di persone sta camminando per strada.
12784 	 Un gruppo di persone sta camminando per strada.
23657 	 Un gruppo di persone sta camminando per strada.
18692 	 Un gruppo di persone sta camminando per strada.
5204 	 Un gruppo di persone sta camminando per strada.
24365 	 Un gruppo di persone sta camminando per strada.
22187 	 Un gruppo di persone sta camminando per strada.
13094 	 Un gruppo di persone sta camminando per strada.
16175 	 Un gruppo di persone sta camminando per strada.
25778 	 Un gruppo di persone sta camminando per strada.
6278 	 Un gruppo di persone sta camminando per strada.
1520 	 Un gruppo di persone sta camminando per strada.
5387 	 Un gruppo di persone sta camminando per strada.
4561 	 Un gruppo di persone sta camminando per strada.
1168 	 Un gruppo di persone sta camminando per strada.
10752 	 Un gruppo di persone sta camminando per strada.
18618 	 Un gruppo di persone sta camminando per strada.
10801 	 Un gruppo di persone sta camminando per strada.
3461 	 Un gruppo di persone sta camminando per strada.
16655 	 Un gruppo di persone sta camminando per strada.
14842 	 Un gruppo di persone sta camminando per strada.
1155 	 Un gruppo di persone sta camminando per strada.
13779 	 Un gruppo di persone sta camminando per strada.
27717 	 Un gruppo di persone sta camminando per strada.
10436 	 Un gruppo di persone sta camminando per strada.
16695 	 Un gruppo di persone sta camminando per strada.
27606 	 Un gruppo di persone sta camminando per strada.
27707 	 Un gruppo di persone sta camminando per strada.
816 	 Un gruppo di persone sta camminando per strada.
12449 	 Un gruppo di persone sta camminando per strada.
22818 	 Un gruppo di persone sta camminando per strada.
8194 	 Un gruppo di persone sta camminando per strada.
26923 	 Un gruppo di persone sta camminando per strada.
29111 	 Un gruppo di persone sta camminando per strada.
27362 	 Un gruppo di persone sta camminando per strada.
27106 	 Un gruppo di persone sta camminando per strada.
28007 	 Un gruppo di persone sta camminando per strada.
1052 	 Un gruppo di persone sta camminando per strada.
29884 	 Un gruppo di persone sta camminando per strada.
16799 	 Un gruppo di persone sta camminando per strada.
21147 	 Un gruppo di persone sta camminando per strada.
28084 	 Un gruppo di persone sta camminando per strada.
24574 	 Un gruppo di persone sta camminando per strada.
28990 	 Un gruppo di persone sta camminando per strada.
14836 	 Un gruppo di persone sta camminando per strada.
5013 	 Un gruppo di persone sta camminando per strada.
30485 	 Un gruppo di persone sta camminando per strada.
5371 	 Un gruppo di persone sta camminando per strada.
30479 	 Un gruppo di persone sta camminando per strada.
7454 	 Un gruppo di persone sta camminando per strada.
9151 	 Un gruppo di persone sta camminando per strada.
6992 	 Un gruppo di persone sta camminando per strada.
301 	 Un gruppo di persone sta camminando per strada.
23476 	 Un gruppo di persone sta camminando per strada.
9778 	 Un gruppo di persone sta camminando per strada.
3756 	 Un gruppo di persone sta camminando per strada.
30385 	 Un gruppo di persone sta camminando per strada.
8371 	 Un gruppo di persone sta camminando per strada.
18440 	 Un gruppo di persone sta camminando per strada.
12521 	 Un gruppo di persone sta camminando per strada.
10081 	 Un gruppo di persone sta camminando per strada.
19804 	 Un gruppo di persone sta camminando per strada.
21678 	 Un gruppo di persone sta camminando per strada.
28410 	 Un gruppo di persone sta camminando per strada.
28292 	 Un gruppo di persone sta camminando per strada.
13332 	 Un gruppo di persone sta camminando per strada.
9907 	 Un gruppo di persone sta camminando per strada.
21295 	 Un gruppo di persone sta camminando per strada.
25811 	 Un gruppo di persone sta camminando per strada.
28590 	 Un gruppo di persone sta camminando per strada.
20165 	 Un gruppo di persone sta camminando per strada.
6055 	 Un gruppo di persone sta camminando per strada.
10164 	 Un gruppo di persone sta camminando per strada.
21545 	 Un gruppo di persone sta camminando per strada.
18464 	 Un gruppo di persone sta camminando per strada.
390 	 Un gruppo di persone sta camminando per strada.
27963 	 Un gruppo di persone sta camminando per strada.
16808 	 Un gruppo di persone sta camminando per strada.
21377 	 Un gruppo di persone sta camminando per strada.
17114 	 Un gruppo di persone sta camminando per strada.
22186 	 Un gruppo di persone sta camminando per strada.
18024 	 Un gruppo di persone sta camminando per strada.
3304 	 Un gruppo di persone sta camminando per strada.
24341 	 Un gruppo di persone sta camminando per strada.
25295 	 Un gruppo di persone sta camminando per strada.
10356 	 Un gruppo di persone sta camminando per strada.
3197 	 Un gruppo di persone sta camminando per strada.
18700 	 Un gruppo di persone sta camminando per strada.
3977 	 Un gruppo di persone sta camminando per strada.
9154 	 Un gruppo di persone sta camminando per strada.
20720 	 Un gruppo di persone sta camminando per strada.
12004 	 Un gruppo di persone sta camminando per strada.
25907 	 Un gruppo di persone sta camminando per strada.
23322 	 Un gruppo di persone sta camminando per strada.
15638 	 Un gruppo di persone sta camminando per strada.
7608 	 Un gruppo di persone sta camminando per strada.
9174 	 Un gruppo di persone sta camminando per strada.
26186 	 Un gruppo di persone sta camminando per strada.
2147 	 Un gruppo di persone sta camminando per strada.
29436 	 Un gruppo di persone sta camminando per strada.
25077 	 Un gruppo di persone sta camminando per strada.
14918 	 Un gruppo di persone sta camminando per strada.
24395 	 Un gruppo di persone sta camminando per strada.
22295 	 Un gruppo di persone sta camminando per strada.
9985 	 Un gruppo di persone sta camminando per strada.
13285 	 Un gruppo di persone sta camminando per strada.
19544 	 Un gruppo di persone sta camminando per strada.
23283 	 Un gruppo di persone sta camminando per strada.
7382 	 Un gruppo di persone sta camminando per strada.
23918 	 Un gruppo di persone sta camminando per strada.
12595 	 Un gruppo di persone sta camminando per strada.
2006 	 Un gruppo di persone sta camminando per strada.
17041 	 Un gruppo di persone sta camminando per strada.
100 	 Un gruppo di persone sta camminando per strada.
20109 	 Un gruppo di persone sta camminando per strada.
14065 	 Un gruppo di persone sta camminando per strada.
24307 	 Un gruppo di persone sta camminando per strada.
13323 	 Un gruppo di persone sta camminando per strada.
15851 	 Un gruppo di persone sta camminando per strada.
20598 	 Un gruppo di persone sta camminando per strada.
24045 	 Un gruppo di persone sta camminando per strada.
3105 	 Un gruppo di persone sta camminando per strada.
19063 	 Un gruppo di persone sta camminando per strada.
16365 	 Un gruppo di persone sta camminando per strada.
13796 	 Un gruppo di persone sta camminando per strada.
22642 	 Un gruppo di persone sta camminando per strada.
25585 	 Un gruppo di persone sta camminando per strada.
25165 	 Un gruppo di persone sta camminando per strada.
26798 	 Un gruppo di persone sta camminando per strada.
9017 	 Un gruppo di persone sta camminando per strada.
5477 	 Un gruppo di persone sta camminando per strada.
3975 	 Un gruppo di persone sta camminando per strada.
17027 	 Un gruppo di persone sta camminando per strada.
4960 	 Un gruppo di persone sta camminando per strada.
16923 	 Un gruppo di persone sta camminando per strada.
6049 	 Un gruppo di persone sta camminando per strada.
23721 	 Un gruppo di persone sta camminando per strada.
13788 	 Un gruppo di persone sta camminando per strada.
29156 	 Un gruppo di persone sta camminando per strada.
1182 	 Un gruppo di persone sta camminando per strada.
27560 	 Un gruppo di persone sta camminando per strada.
23038 	 Un gruppo di persone sta camminando per strada.
29086 	 Un gruppo di persone sta camminando per strada.
25006 	 Un gruppo di persone sta camminando per strada.
3510 	 Un gruppo di persone sta camminando per strada.
12984 	 Un gruppo di persone sta camminando per strada.
13278 	 Un gruppo di persone sta camminando per strada.
1271 	 Un gruppo di persone sta camminando per strada.
23598 	 Un gruppo di persone sta camminando per strada.
13136 	 Un gruppo di persone sta camminando per strada.
9896 	 Un gruppo di persone sta camminando per strada.
16552 	 Un gruppo di persone sta camminando per strada.
18622 	 Un gruppo di persone sta camminando per strada.
28009 	 Un gruppo di persone sta camminando per strada.
99 	 Un gruppo di persone sta camminando per strada.
20478 	 Un gruppo di persone sta camminando per strada.
21128 	 Un gruppo di persone sta camminando per strada.
2527 	 Un gruppo di persone sta camminando per strada.
24706 	 Un gruppo di persone sta camminando per strada.
16632 	 Un gruppo di persone sta camminando per strada.
14887 	 Un gruppo di persone sta camminando per strada.
14275 	 Un gruppo di persone sta camminando per strada.
27921 	 Un gruppo di persone sta camminando per strada.
27887 	 Un gruppo di persone sta camminando per strada.
29843 	 Un gruppo di persone sta camminando per strada.
16590 	 Un gruppo di persone sta camminando per strada.
6791 	 Un gruppo di persone sta camminando per strada.
4077 	 Un gruppo di persone sta camminando per strada.
11539 	 Un gruppo di persone sta camminando per strada.
29637 	 Un gruppo di persone sta camminando per strada.
23531 	 Un gruppo di persone sta camminando per strada.
949 	 Un gruppo di persone sta camminando per strada.
10746 	 Un gruppo di persone sta camminando per strada.
17713 	 Un gruppo di persone sta camminando per strada.
3969 	 Un gruppo di persone sta camminando per strada.
5550 	 Un gruppo di persone sta camminando per strada.
19731 	 Un gruppo di persone sta camminando per strada.
25194 	 Un gruppo di persone sta camminando per strada.
25154 	 Un gruppo di persone sta camminando per strada.
25903 	 Un gruppo di persone sta camminando per strada.
19925 	 Un gruppo di persone sta camminando per strada.
19175 	 Un gruppo di persone sta camminando per strada.
22216 	 Un gruppo di persone sta camminando per strada.
1740 	 Un gruppo di persone sta camminando per strada.
19070 	 Un gruppo di persone sta camminando per strada.
26781 	 Un gruppo di persone sta camminando per strada.
16526 	 Un gruppo di persone sta camminando per strada.
12931 	 Un gruppo di persone sta camminando per strada.
14258 	 Un gruppo di persone sta camminando per strada.
900 	 Un gruppo di persone sta camminando per strada.
1103 	 Un gruppo di persone sta camminando per strada.
6990 	 Un gruppo di persone sta camminando per strada.
24152 	 Un gruppo di persone sta camminando per strada.
14998 	 Un gruppo di persone sta camminando per strada.
18952 	 Un gruppo di persone sta camminando per strada.
18813 	 Un gruppo di persone sta camminando per strada.
23945 	 Un gruppo di persone sta camminando per strada.
1616 	 Un gruppo di persone sta camminando per strada.
12554 	 Un gruppo di persone sta camminando per strada.
6557 	 Un gruppo di persone sta camminando per strada.
5950 	 Un gruppo di persone sta camminando per strada.
19141 	 Un gruppo di persone sta camminando per strada.
20040 	 Un gruppo di persone sta camminando per strada.
9280 	 Un gruppo di persone sta camminando per strada.
5522 	 Un gruppo di persone sta camminando per strada.
7151 	 Un gruppo di persone sta camminando per strada.
15994 	 Un gruppo di persone sta camminando per strada.
3566 	 Un gruppo di persone sta camminando per strada.
6282 	 Un gruppo di persone sta camminando per strada.
28683 	 Un gruppo di persone sta camminando per strada.
26389 	 Un gruppo di persone sta camminando per strada.
12811 	 Un gruppo di persone sta camminando per strada.
12399 	 Un gruppo di persone sta camminando per strada.
13583 	 Un gruppo di persone sta camminando per strada.
10932 	 Un gruppo di persone sta camminando per strada.
23785 	 Un gruppo di persone sta camminando per strada.
8117 	 Un gruppo di persone sta camminando per strada.
17003 	 Un gruppo di persone sta camminando per strada.
27394 	 Un gruppo di persone sta camminando per strada.
30149 	 Un gruppo di persone sta camminando per strada.
22152 	 Un gruppo di persone sta camminando per strada.
17645 	 Un gruppo di persone sta camminando per strada.
29574 	 Un gruppo di persone sta camminando per strada.
19170 	 Un gruppo di persone sta camminando per strada.
28430 	 Un gruppo di persone sta camminando per strada.
10363 	 Un gruppo di persone sta camminando per strada.
13420 	 Un gruppo di persone sta camminando per strada.
15329 	 Un gruppo di persone sta camminando per strada.
2312 	 Un gruppo di persone sta camminando per strada.
1933 	 Un gruppo di persone sta camminando per strada.
24666 	 Un gruppo di persone sta camminando per strada.
22736 	 Un gruppo di persone sta camminando per strada.
25355 	 Un gruppo di persone sta camminando per strada.
1513 	 Un gruppo di persone sta camminando per strada.
1209 	 Un gruppo di persone sta camminando per strada.
19645 	 Un gruppo di persone sta camminando per strada.
15223 	 Un gruppo di persone sta camminando per strada.
3836 	 Un gruppo di persone sta camminando per strada.
12718 	 Un gruppo di persone sta camminando per strada.
6230 	 Un gruppo di persone sta camminando per strada.
19180 	 Un gruppo di persone sta camminando per strada.
3960 	 Un gruppo di persone sta camminando per strada.
22326 	 Un gruppo di persone sta camminando per strada.
1782 	 Un gruppo di persone sta camminando per strada.
16664 	 Un gruppo di persone sta camminando per strada.
12879 	 Un gruppo di persone sta camminando per strada.
24370 	 Un gruppo di persone sta camminando per strada.
10810 	 Un gruppo di persone sta camminando per strada.
26841 	 Un gruppo di persone sta camminando per strada.
1754 	 Un gruppo di persone sta camminando per strada.
25902 	 Un gruppo di persone sta camminando per strada.
9774 	 Un gruppo di persone sta camminando per strada.
30581 	 Un gruppo di persone sta camminando per strada.
13351 	 Un gruppo di persone sta camminando per strada.
27126 	 Un gruppo di persone sta camminando per strada.
7979 	 Un gruppo di persone sta camminando per strada.
13447 	 Un gruppo di persone sta camminando per strada.
28191 	 Un gruppo di persone sta camminando per strada.
18504 	 Un gruppo di persone sta camminando per strada.
1212 	 Un gruppo di persone sta camminando per strada.
20382 	 Un gruppo di persone sta camminando per strada.
15582 	 Un gruppo di persone sta camminando per strada.
7203 	 Un gruppo di persone sta camminando per strada.
6586 	 Un gruppo di persone sta camminando per strada.
24905 	 Un gruppo di persone sta camminando per strada.
1365 	 Un gruppo di persone sta camminando per strada.
22712 	 Un gruppo di persone sta camminando per strada.
8777 	 Un gruppo di persone sta camminando per strada.
11929 	 Un gruppo di persone sta camminando per strada.
24150 	 Un gruppo di persone sta camminando per strada.
6257 	 Un gruppo di persone sta camminando per strada.
11680 	 Un gruppo di persone sta camminando per strada.
28190 	 Un gruppo di persone sta camminando per strada.
8339 	 Un gruppo di persone sta camminando per strada.
14388 	 Un gruppo di persone sta camminando per strada.
18085 	 Un gruppo di persone sta camminando per strada.
14743 	 Un gruppo di persone sta camminando per strada.
21653 	 Un gruppo di persone sta camminando per strada.
16220 	 Un gruppo di persone sta camminando per strada.
12446 	 Un gruppo di persone sta camminando per strada.
27217 	 Un gruppo di persone sta camminando per strada.
22811 	 Un gruppo di persone sta camminando per strada.
5516 	 Un gruppo di persone sta camminando per strada.
6554 	 Un gruppo di persone sta camminando per strada.
20439 	 Un gruppo di persone sta camminando per strada.
1532 	 Un gruppo di persone sta camminando per strada.
4480 	 Un gruppo di persone sta camminando per strada.
18384 	 Un gruppo di persone sta camminando per strada.
1943 	 Un gruppo di persone sta camminando per strada.
16001 	 Un gruppo di persone sta camminando per strada.
11293 	 Un gruppo di persone sta camminando per strada.
16353 	 Un gruppo di persone sta camminando per strada.
16775 	 Un gruppo di persone sta camminando per strada.
19882 	 Un gruppo di persone sta camminando per strada.
8107 	 Un gruppo di persone sta camminando per strada.
13477 	 Un gruppo di persone sta camminando per strada.
17885 	 Un gruppo di persone sta camminando per strada.
23868 	 Un gruppo di persone sta camminando per strada.
4734 	 Un gruppo di persone sta camminando per strada.
16709 	 Un gruppo di persone sta camminando per strada.
4840 	 Un gruppo di persone sta camminando per strada.
387 	 Un gruppo di persone sta camminando per strada.
21221 	 Un gruppo di persone sta camminando per strada.
29215 	 Un gruppo di persone sta camminando per strada.
27543 	 Un gruppo di persone sta camminando per strada.
11911 	 Un gruppo di persone sta camminando per strada.
30040 	 Un gruppo di persone sta camminando per strada.
21179 	 Un gruppo di persone sta camminando per strada.
21717 	 Un gruppo di persone sta camminando per strada.
24960 	 Un gruppo di persone sta camminando per strada.
14824 	 Un gruppo di persone sta camminando per strada.
10497 	 Un gruppo di persone sta camminando per strada.
16394 	 Un gruppo di persone sta camminando per strada.
25942 	 Un gruppo di persone sta camminando per strada.
26268 	 Un gruppo di persone sta camminando per strada.
17095 	 Un gruppo di persone sta camminando per strada.
10214 	 Un gruppo di persone sta camminando per strada.
21482 	 Un gruppo di persone sta camminando per strada.
12846 	 Un gruppo di persone sta camminando per strada.
25732 	 Un gruppo di persone sta camminando per strada.
5274 	 Un gruppo di persone sta camminando per strada.
4271 	 Un gruppo di persone sta camminando per strada.
11437 	 Un gruppo di persone sta camminando per strada.
18182 	 Un gruppo di persone sta camminando per strada.
6505 	 Un gruppo di persone sta camminando per strada.
29976 	 Un gruppo di persone sta camminando per strada.
17592 	 Un gruppo di persone sta camminando per strada.
14222 	 Un gruppo di persone sta camminando per strada.
21091 	 Un gruppo di persone sta camminando per strada.
17302 	 Un gruppo di persone sta camminando per strada.
11218 	 Un gruppo di persone sta camminando per strada.
30420 	 Un gruppo di persone sta camminando per strada.
19956 	 Un gruppo di persone sta camminando per strada.
6304 	 Un gruppo di persone sta camminando per strada.
13668 	 Un gruppo di persone sta camminando per strada.
27478 	 Un gruppo di persone sta camminando per strada.
17561 	 Un gruppo di persone sta camminando per strada.
2283 	 Un gruppo di persone sta camminando per strada.
27001 	 Un gruppo di persone sta camminando per strada.
10078 	 Un gruppo di persone sta camminando per strada.
25199 	 Un gruppo di persone sta camminando per strada.
19558 	 Un gruppo di persone sta camminando per strada.
19485 	 Un gruppo di persone sta camminando per strada.
10792 	 Un gruppo di persone sta camminando per strada.
7974 	 Un gruppo di persone sta camminando per strada.
8039 	 Un gruppo di persone sta camminando per strada.
6377 	 Un gruppo di persone sta camminando per strada.
12507 	 Un gruppo di persone sta camminando per strada.
1727 	 Un gruppo di persone sta camminando per strada.
11497 	 Un gruppo di persone sta camminando per strada.
26463 	 Un gruppo di persone sta camminando per strada.
13895 	 Un gruppo di persone sta camminando per strada.
7575 	 Un gruppo di persone sta camminando per strada.
13311 	 Un gruppo di persone sta camminando per strada.
9488 	 Un gruppo di persone sta camminando per strada.
5270 	 Un gruppo di persone sta camminando per strada.
3498 	 Un gruppo di persone sta camminando per strada.
29272 	 Un gruppo di persone sta camminando per strada.
12202 	 Un gruppo di persone sta camminando per strada.
694 	 Un gruppo di persone sta camminando per strada.
12993 	 Un gruppo di persone sta camminando per strada.
6533 	 Un gruppo di persone sta camminando per strada.
17956 	 Un gruppo di persone sta camminando per strada.
21625 	 Un gruppo di persone sta camminando per strada.
109 	 Un gruppo di persone sta camminando per strada.
27630 	 Un gruppo di persone sta camminando per strada.
28058 	 Un gruppo di persone sta camminando per strada.
419 	 Un gruppo di persone sta camminando per strada.
14585 	 Un gruppo di persone sta camminando per strada.
28352 	 Un gruppo di persone sta camminando per strada.
5515 	 Un gruppo di persone sta camminando per strada.
23194 	 Un gruppo di persone sta camminando per strada.
9380 	 Un gruppo di persone sta camminando per strada.
26811 	 Un gruppo di persone sta camminando per strada.
16434 	 Un gruppo di persone sta camminando per strada.
12280 	 Un gruppo di persone sta camminando per strada.
23968 	 Un gruppo di persone sta camminando per strada.
17926 	 Un gruppo di persone sta camminando per strada.
23693 	 Un gruppo di persone sta camminando per strada.
24568 	 Un gruppo di persone sta camminando per strada.
10392 	 Un gruppo di persone sta camminando per strada.
1074 	 Un gruppo di persone sta camminando per strada.
7414 	 Un gruppo di persone sta camminando per strada.
13114 	 Un gruppo di persone sta camminando per strada.
17475 	 Un gruppo di persone sta camminando per strada.
22639 	 Un gruppo di persone sta camminando per strada.
29505 	 Un gruppo di persone sta camminando per strada.
18905 	 Un gruppo di persone sta camminando per strada.
26791 	 Un gruppo di persone sta camminando per strada.
16221 	 Un gruppo di persone sta camminando per strada.
25007 	 Un gruppo di persone sta camminando per strada.
8405 	 Un gruppo di persone sta camminando per strada.
4616 	 Un gruppo di persone sta camminando per strada.
13495 	 Un gruppo di persone sta camminando per strada.
203 	 Un gruppo di persone sta camminando per strada.
478 	 Un gruppo di persone sta camminando per strada.
20402 	 Un gruppo di persone sta camminando per strada.
20284 	 Un gruppo di persone sta camminando per strada.
16531 	 Un gruppo di persone sta camminando per strada.
20483 	 Un gruppo di persone sta camminando per strada.
3393 	 Un gruppo di persone sta camminando per strada.
19273 	 Un gruppo di persone sta camminando per strada.
11162 	 Un gruppo di persone sta camminando per strada.
170 	 Un gruppo di persone sta camminando per strada.
13261 	 Un gruppo di persone sta camminando per strada.
19163 	 Un gruppo di persone sta camminando per strada.
4768 	 Un gruppo di persone sta camminando per strada.
5214 	 Un gruppo di persone sta camminando per strada.
1995 	 Un gruppo di persone sta camminando per strada.
13956 	 Un gruppo di persone sta camminando per strada.
25552 	 Un gruppo di persone sta camminando per strada.
15136 	 Un gruppo di persone sta camminando per strada.
11541 	 Un gruppo di persone sta camminando per strada.
8555 	 Un gruppo di persone sta camminando per strada.
5073 	 Un gruppo di persone sta camminando per strada.
30971 	 Un gruppo di persone sta camminando per strada.
30188 	 Un gruppo di persone sta camminando per strada.
29614 	 Un gruppo di persone sta camminando per strada.
26756 	 Un gruppo di persone sta camminando per strada.
14686 	 Un gruppo di persone sta camminando per strada.
12018 	 Un gruppo di persone sta camminando per strada.
27101 	 Un gruppo di persone sta camminando per strada.
22291 	 Un gruppo di persone sta camminando per strada.
29803 	 Un gruppo di persone sta camminando per strada.
25142 	 Un gruppo di persone sta camminando per strada.
4072 	 Un gruppo di persone sta camminando per strada.
18916 	 Un gruppo di persone sta camminando per strada.
27518 	 Un gruppo di persone sta camminando per strada.
669 	 Un gruppo di persone sta camminando per strada.
30199 	 Un gruppo di persone sta camminando per strada.
6767 	 Un gruppo di persone sta camminando per strada.
27721 	 Un gruppo di persone sta camminando per strada.
10449 	 Un gruppo di persone sta camminando per strada.
21671 	 Un gruppo di persone sta camminando per strada.
9291 	 Un gruppo di persone sta camminando per strada.
30999 	 Un gruppo di persone sta camminando per strada.
9758 	 Un gruppo di persone sta camminando per strada.
28435 	 Un gruppo di persone sta camminando per strada.
1371 	 Un gruppo di persone sta camminando per strada.
7646 	 Un gruppo di persone sta camminando per strada.
29105 	 Un gruppo di persone sta camminando per strada.
23238 	 Un gruppo di persone sta camminando per strada.
25458 	 Un gruppo di persone sta camminando per strada.
8507 	 Un gruppo di persone sta camminando per strada.
2434 	 Un gruppo di persone sta camminando per strada.
5224 	 Un gruppo di persone sta camminando per strada.
24649 	 Un gruppo di persone sta camminando per strada.
21478 	 Un gruppo di persone sta camminando per strada.
27357 	 Un gruppo di persone sta camminando per strada.
16972 	 Un gruppo di persone sta camminando per strada.
16726 	 Un gruppo di persone sta camminando per strada.
293 	 Un gruppo di persone sta camminando per strada.
630 	 Un gruppo di persone sta camminando per strada.
27171 	 Un gruppo di persone sta camminando per strada.
11036 	 Un gruppo di persone sta camminando per strada.
1382 	 Un gruppo di persone sta camminando per strada.
19486 	 Un gruppo di persone sta camminando per strada.
422 	 Un gruppo di persone sta camminando per strada.
21612 	 Un gruppo di persone sta camminando per strada.
5304 	 Un gruppo di persone sta camminando per strada.
19548 	 Un gruppo di persone sta camminando per strada.
16414 	 Un gruppo di persone sta camminando per strada.
12714 	 Un gruppo di persone sta camminando per strada.
11570 	 Un gruppo di persone sta camminando per strada.
14821 	 Un gruppo di persone sta camminando per strada.
29640 	 Un gruppo di persone sta camminando per strada.
12812 	 Un gruppo di persone sta camminando per strada.
21639 	 Un gruppo di persone sta camminando per strada.
12906 	 Un gruppo di persone sta camminando per strada.
27381 	 Un gruppo di persone sta camminando per strada.
27246 	 Un gruppo di persone sta camminando per strada.
18576 	 Un gruppo di persone sta camminando per strada.
19652 	 Un gruppo di persone sta camminando per strada.
6089 	 Un gruppo di persone sta camminando per strada.
3203 	 Un gruppo di persone sta camminando per strada.
11561 	 Un gruppo di persone sta camminando per strada.
30369 	 Un gruppo di persone sta camminando per strada.
5162 	 Un gruppo di persone sta camminando per strada.
3375 	 Un gruppo di persone sta camminando per strada.
1478 	 Un gruppo di persone sta camminando per strada.
17243 	 Un gruppo di persone sta camminando per strada.
15610 	 Un gruppo di persone sta camminando per strada.
25363 	 Un gruppo di persone sta camminando per strada.
1162 	 Un gruppo di persone sta camminando per strada.
8605 	 Un gruppo di persone sta camminando per strada.
10244 	 Un gruppo di persone sta camminando per strada.
25993 	 Un gruppo di persone sta camminando per strada.
19688 	 Un gruppo di persone sta camminando per strada.
5752 	 Un gruppo di persone sta camminando per strada.
14938 	 Un gruppo di persone sta camminando per strada.
8913 	 Un gruppo di persone sta camminando per strada.
25368 	 Un gruppo di persone sta camminando per strada.
10741 	 Un gruppo di persone sta camminando per strada.
3085 	 Un gruppo di persone sta camminando per strada.
2522 	 Un gruppo di persone sta camminando per strada.
28286 	 Un gruppo di persone sta camminando per strada.
3425 	 Un gruppo di persone sta camminando per strada.
13059 	 Un gruppo di persone sta camminando per strada.
27204 	 Un gruppo di persone sta camminando per strada.
681 	 Un gruppo di persone sta camminando per strada.
10530 	 Un gruppo di persone sta camminando per strada.
24966 	 Un gruppo di persone sta camminando per strada.
27310 	 Un gruppo di persone sta camminando per strada.
27987 	 Un gruppo di persone sta camminando per strada.
20838 	 Un gruppo di persone sta camminando per strada.
26632 	 Un gruppo di persone sta camminando per strada.
28076 	 Un gruppo di persone sta camminando per strada.
15246 	 Un gruppo di persone sta camminando per strada.
30437 	 Un gruppo di persone sta camminando per strada.
14861 	 Un gruppo di persone sta camminando per strada.
29427 	 Un gruppo di persone sta camminando per strada.
12684 	 Un gruppo di persone sta camminando per strada.
3104 	 Un gruppo di persone sta camminando per strada.
18599 	 Un gruppo di persone sta camminando per strada.
30644 	 Un gruppo di persone sta camminando per strada.
21308 	 Un gruppo di persone sta camminando per strada.
4141 	 Un gruppo di persone sta camminando per strada.
29571 	 Un gruppo di persone sta camminando per strada.
2737 	 Un gruppo di persone sta camminando per strada.
7317 	 Un gruppo di persone sta camminando per strada.
29467 	 Un gruppo di persone sta camminando per strada.
26450 	 Un gruppo di persone sta camminando per strada.
29745 	 Un gruppo di persone sta camminando per strada.
30276 	 Un gruppo di persone sta camminando per strada.
29281 	 Un gruppo di persone sta camminando per strada.
2749 	 Un gruppo di persone sta camminando per strada.
19165 	 Un gruppo di persone sta camminando per strada.
29589 	 Un gruppo di persone sta camminando per strada.
27536 	 Un gruppo di persone sta camminando per strada.
2145 	 Un gruppo di persone sta camminando per strada.
19905 	 Un gruppo di persone sta camminando per strada.
29598 	 Un gruppo di persone sta camminando per strada.
15710 	 Un gruppo di persone sta camminando per strada.
26019 	 Un gruppo di persone sta camminando per strada.
7376 	 Un gruppo di persone sta camminando per strada.
17686 	 Un gruppo di persone sta camminando per strada.
377 	 Un gruppo di persone sta camminando per strada.
27930 	 Un gruppo di persone sta camminando per strada.
20401 	 Un gruppo di persone sta camminando per strada.
16376 	 Un gruppo di persone sta camminando per strada.
18740 	 Un gruppo di persone sta camminando per strada.
16917 	 Un gruppo di persone sta camminando per strada.
5300 	 Un gruppo di persone sta camminando per strada.
282 	 Un gruppo di persone sta camminando per strada.
17337 	 Un gruppo di persone sta camminando per strada.
19618 	 Un gruppo di persone sta camminando per strada.
16042 	 Un gruppo di persone sta camminando per strada.
23219 	 Un gruppo di persone sta camminando per strada.
26141 	 Un gruppo di persone sta camminando per strada.
7900 	 Un gruppo di persone sta camminando per strada.
12719 	 Un gruppo di persone sta camminando per strada.
24755 	 Un gruppo di persone sta camminando per strada.
13673 	 Un gruppo di persone sta camminando per strada.
24925 	 Un gruppo di persone sta camminando per strada.
1089 	 Un gruppo di persone sta camminando per strada.
10321 	 Un gruppo di persone sta camminando per strada.
26483 	 Un gruppo di persone sta camminando per strada.
2662 	 Un gruppo di persone sta camminando per strada.
27937 	 Un gruppo di persone sta camminando per strada.
30533 	 Un gruppo di persone sta camminando per strada.
23745 	 Un gruppo di persone sta camminando per strada.
14199 	 Un gruppo di persone sta camminando per strada.
6043 	 Un gruppo di persone sta camminando per strada.
5680 	 Un gruppo di persone sta camminando per strada.
28836 	 Un gruppo di persone sta camminando per strada.
27655 	 Un gruppo di persone sta camminando per strada.
24041 	 Un gruppo di persone sta camminando per strada.
7843 	 Un gruppo di persone sta camminando per strada.
21336 	 Un gruppo di persone sta camminando per strada.
10084 	 Un gruppo di persone sta camminando per strada.
10061 	 Un gruppo di persone sta camminando per strada.
3493 	 Un gruppo di persone sta camminando per strada.
13760 	 Un gruppo di persone sta camminando per strada.
18849 	 Un gruppo di persone sta camminando per strada.
7156 	 Un gruppo di persone sta camminando per strada.
25883 	 Un gruppo di persone sta camminando per strada.
3032 	 Un gruppo di persone sta camminando per strada.
25762 	 Un gruppo di persone sta camminando per strada.
1516 	 Un gruppo di persone sta camminando per strada.
14904 	 Un gruppo di persone sta camminando per strada.
10291 	 Un gruppo di persone sta camminando per strada.
25802 	 Un gruppo di persone sta camminando per strada.
2968 	 Un gruppo di persone sta camminando per strada.
6209 	 Un gruppo di persone sta camminando per strada.
6977 	 Un gruppo di persone sta camminando per strada.
12861 	 Un gruppo di persone sta camminando per strada.
28121 	 Un gruppo di persone sta camminando per strada.
16541 	 Un gruppo di persone sta camminando per strada.
8238 	 Un gruppo di persone sta camminando per strada.
29887 	 Un gruppo di persone sta camminando per strada.
12137 	 Un gruppo di persone sta camminando per strada.
14029 	 Un gruppo di persone sta camminando per strada.
8268 	 Un gruppo di persone sta camminando per strada.
29095 	 Un gruppo di persone sta camminando per strada.
17030 	 Un gruppo di persone sta camminando per strada.
14118 	 Un gruppo di persone sta camminando per strada.
18760 	 Un gruppo di persone sta camminando per strada.
10479 	 Un gruppo di persone sta camminando per strada.
6151 	 Un gruppo di persone sta camminando per strada.
18630 	 Un gruppo di persone sta camminando per strada.
5108 	 Un gruppo di persone sta camminando per strada.
29789 	 Un gruppo di persone sta camminando per strada.
28995 	 Un gruppo di persone sta camminando per strada.
6890 	 Un gruppo di persone sta camminando per strada.
20495 	 Un gruppo di persone sta camminando per strada.
17216 	 Un gruppo di persone sta camminando per strada.
18031 	 Un gruppo di persone sta camminando per strada.
29365 	 Un gruppo di persone sta camminando per strada.
18126 	 Un gruppo di persone sta camminando per strada.
1145 	 Un gruppo di persone sta camminando per strada.
20146 	 Un gruppo di persone sta camminando per strada.
14763 	 Un gruppo di persone sta camminando per strada.
29872 	 Un gruppo di persone sta camminando per strada.
11076 	 Un gruppo di persone sta camminando per strada.
22477 	 Un gruppo di persone sta camminando per strada.
16103 	 Un gruppo di persone sta camminando per strada.
3410 	 Un gruppo di persone sta camminando per strada.
3821 	 Un gruppo di persone sta camminando per strada.
10963 	 Un gruppo di persone sta camminando per strada.
17267 	 Un gruppo di persone sta camminando per strada.
20853 	 Un gruppo di persone sta camminando per strada.
28431 	 Un gruppo di persone sta camminando per strada.
4808 	 Un gruppo di persone sta camminando per strada.
12559 	 Un gruppo di persone sta camminando per strada.
22880 	 Un gruppo di persone sta camminando per strada.
21237 	 Un gruppo di persone sta camminando per strada.
2179 	 Un gruppo di persone sta camminando per strada.
23882 	 Un gruppo di persone sta camminando per strada.
1902 	 Un gruppo di persone sta camminando per strada.
16296 	 Un gruppo di persone sta camminando per strada.
11208 	 Un gruppo di persone sta camminando per strada.
18854 	 Un gruppo di persone sta camminando per strada.
5479 	 Un gruppo di persone sta camminando per strada.
17914 	 Un gruppo di persone sta camminando per strada.
16412 	 Un gruppo di persone sta camminando per strada.
8115 	 Un gruppo di persone sta camminando per strada.
2326 	 Un gruppo di persone sta camminando per strada.
4486 	 Un gruppo di persone sta camminando per strada.
11838 	 Un gruppo di persone sta camminando per strada.
10219 	 Un gruppo di persone sta camminando per strada.
28539 	 Un gruppo di persone sta camminando per strada.
17929 	 Un gruppo di persone sta camminando per strada.
26578 	 Un gruppo di persone sta camminando per strada.
15975 	 Un gruppo di persone sta camminando per strada.
161 	 Un gruppo di persone sta camminando per strada.
27732 	 Un gruppo di persone sta camminando per strada.
29979 	 Un gruppo di persone sta camminando per strada.
16819 	 Un gruppo di persone sta camminando per strada.
9451 	 Un gruppo di persone sta camminando per strada.
23499 	 Un gruppo di persone sta camminando per strada.
25652 	 Un gruppo di persone sta camminando per strada.
11401 	 Un gruppo di persone sta camminando per strada.
24614 	 Un gruppo di persone sta camminando per strada.
12614 	 Un gruppo di persone sta camminando per strada.
4011 	 Un gruppo di persone sta camminando per strada.
27731 	 Un gruppo di persone sta camminando per strada.
15889 	 Un gruppo di persone sta camminando per strada.
21260 	 Un gruppo di persone sta camminando per strada.
118 	 Un gruppo di persone sta camminando per strada.
19824 	 Un gruppo di persone sta camminando per strada.
14001 	 Un gruppo di persone sta camminando per strada.
4860 	 Un gruppo di persone sta camminando per strada.
6167 	 Un gruppo di persone sta camminando per strada.
21727 	 Un gruppo di persone sta camminando per strada.
12968 	 Un gruppo di persone sta camminando per strada.
29277 	 Un gruppo di persone sta camminando per strada.
9137 	 Un gruppo di persone sta camminando per strada.
17212 	 Un gruppo di persone sta camminando per strada.
15129 	 Un gruppo di persone sta camminando per strada.
9724 	 Un gruppo di persone sta camminando per strada.
10947 	 Un gruppo di persone sta camminando per strada.
14392 	 Un gruppo di persone sta camminando per strada.
21687 	 Un gruppo di persone sta camminando per strada.
5062 	 Un gruppo di persone sta camminando per strada.
17892 	 Un gruppo di persone sta camminando per strada.
11032 	 Un gruppo di persone sta camminando per strada.
14896 	 Un gruppo di persone sta camminando per strada.
21484 	 Un gruppo di persone sta camminando per strada.
23998 	 Un gruppo di persone sta camminando per strada.
16811 	 Un gruppo di persone sta camminando per strada.
28721 	 Un gruppo di persone sta camminando per strada.
12509 	 Un gruppo di persone sta camminando per strada.
19253 	 Un gruppo di persone sta camminando per strada.
11244 	 Un gruppo di persone sta camminando per strada.
4280 	 Un gruppo di persone sta camminando per strada.
13265 	 Un gruppo di persone sta camminando per strada.
27554 	 Un gruppo di persone sta camminando per strada.
20550 	 Un gruppo di persone sta camminando per strada.
16653 	 Un gruppo di persone sta camminando per strada.
24106 	 Un gruppo di persone sta camminando per strada.
5808 	 Un gruppo di persone sta camminando per strada.
19541 	 Un gruppo di persone sta camminando per strada.
257 	 Un gruppo di persone sta camminando per strada.
2324 	 Un gruppo di persone sta camminando per strada.
26161 	 Un gruppo di persone sta camminando per strada.
28126 	 Un gruppo di persone sta camminando per strada.
5553 	 Un gruppo di persone sta camminando per strada.
1107 	 Un gruppo di persone sta camminando per strada.
23889 	 Un gruppo di persone sta camminando per strada.
15701 	 Un gruppo di persone sta camminando per strada.
1102 	 Un gruppo di persone sta camminando per strada.
25547 	 Un gruppo di persone sta camminando per strada.
28169 	 Un gruppo di persone sta camminando per strada.
10793 	 Un gruppo di persone sta camminando per strada.
3434 	 Un gruppo di persone sta camminando per strada.
1286 	 Un gruppo di persone sta camminando per strada.
11190 	 Un gruppo di persone sta camminando per strada.
9038 	 Un gruppo di persone sta camminando per strada.
6542 	 Un gruppo di persone sta camminando per strada.
25226 	 Un gruppo di persone sta camminando per strada.
30572 	 Un gruppo di persone sta camminando per strada.
843 	 Un gruppo di persone sta camminando per strada.
18890 	 Un gruppo di persone sta camminando per strada.
15506 	 Un gruppo di persone sta camminando per strada.
14291 	 Un gruppo di persone sta camminando per strada.
27558 	 Un gruppo di persone sta camminando per strada.
28918 	 Un gruppo di persone sta camminando per strada.
6248 	 Un gruppo di persone sta camminando per strada.
22038 	 Un gruppo di persone sta camminando per strada.
29492 	 Un gruppo di persone sta camminando per strada.
19629 	 Un gruppo di persone sta camminando per strada.
8303 	 Un gruppo di persone sta camminando per strada.
3979 	 Un gruppo di persone sta camminando per strada.
4351 	 Un gruppo di persone sta camminando per strada.
20166 	 Un gruppo di persone sta camminando per strada.
14098 	 Un gruppo di persone sta camminando per strada.
22182 	 Un gruppo di persone sta camminando per strada.
19743 	 Un gruppo di persone sta camminando per strada.
24217 	 Un gruppo di persone sta camminando per strada.
17683 	 Un gruppo di persone sta camminando per strada.
19739 	 Un gruppo di persone sta camminando per strada.
7044 	 Un gruppo di persone sta camminando per strada.
21371 	 Un gruppo di persone sta camminando per strada.
13597 	 Un gruppo di persone sta camminando per strada.
3681 	 Un gruppo di persone sta camminando per strada.
10014 	 Un gruppo di persone sta camminando per strada.
15159 	 Un gruppo di persone sta camminando per strada.
27697 	 Un gruppo di persone sta camminando per strada.
7355 	 Un gruppo di persone sta camminando per strada.
11564 	 Un gruppo di persone sta camminando per strada.
9272 	 Un gruppo di persone sta camminando per strada.
12895 	 Un gruppo di persone sta camminando per strada.
11710 	 Un gruppo di persone sta camminando per strada.
9747 	 Un gruppo di persone sta camminando per strada.
28087 	 Un gruppo di persone sta camminando per strada.
24885 	 Un gruppo di persone sta camminando per strada.
30528 	 Un gruppo di persone sta camminando per strada.
15693 	 Un gruppo di persone sta camminando per strada.
21267 	 Un gruppo di persone sta camminando per strada.
15037 	 Un gruppo di persone sta camminando per strada.
67 	 Un gruppo di persone sta camminando per strada.
9734 	 Un gruppo di persone sta camminando per strada.
17835 	 Un gruppo di persone sta camminando per strada.
23151 	 Un gruppo di persone sta camminando per strada.
1716 	 Un gruppo di persone sta camminando per strada.
27834 	 Un gruppo di persone sta camminando per strada.
9895 	 Un gruppo di persone sta camminando per strada.
18974 	 Un gruppo di persone sta camminando per strada.
9079 	 Un gruppo di persone sta camminando per strada.
10364 	 Un gruppo di persone sta camminando per strada.
23372 	 Un gruppo di persone sta camminando per strada.
15296 	 Un gruppo di persone sta camminando per strada.
19530 	 Un gruppo di persone sta camminando per strada.
30632 	 Un gruppo di persone sta camminando per strada.
18127 	 Un gruppo di persone sta camminando per strada.
21575 	 Un gruppo di persone sta camminando per strada.
21565 	 Un gruppo di persone sta camminando per strada.
6171 	 Un gruppo di persone sta camminando per strada.
24808 	 Un gruppo di persone sta camminando per strada.
280 	 Un gruppo di persone sta camminando per strada.
26295 	 Un gruppo di persone sta camminando per strada.
12801 	 Un gruppo di persone sta camminando per strada.
1351 	 Un gruppo di persone sta camminando per strada.
18956 	 Un gruppo di persone sta camminando per strada.
1746 	 Un gruppo di persone sta camminando per strada.
14247 	 Un gruppo di persone sta camminando per strada.
28046 	 Un gruppo di persone sta camminando per strada.
17410 	 Un gruppo di persone sta camminando per strada.
6425 	 Un gruppo di persone sta camminando per strada.
4906 	 Un gruppo di persone sta camminando per strada.
7978 	 Un gruppo di persone sta camminando per strada.
9273 	 Un gruppo di persone sta camminando per strada.
25866 	 Un gruppo di persone sta camminando per strada.
26673 	 Un gruppo di persone sta camminando per strada.
3547 	 Un gruppo di persone sta camminando per strada.
15616 	 Un gruppo di persone sta camminando per strada.
26316 	 Un gruppo di persone sta camminando per strada.
