13992	 Un gruppo di persone sta camminando per strada.
9797	 Un gruppo di persone sta camminando per strada.
2615	 Un gruppo di persone sta camminando per strada.
24545	 Un gruppo di persone sta camminando per strada.
19037	 Un gruppo di persone sta camminando per strada.
15650	 Un gruppo di persone sta camminando per strada.
16880	 Un gruppo di persone sta camminando per strada.
7962	 Un gruppo di persone sta camminando per strada.
29380	 Un gruppo di persone sta camminando per strada.
14490	 Un gruppo di persone sta camminando per strada.
34	 Un gruppo di persone sta camminando per strada.
17655	 Un gruppo di persone sta camminando per strada.
13990	 Un gruppo di persone sta camminando per strada.
27240	 Un gruppo di persone sta camminando per strada.
18425	 Un gruppo di persone sta camminando per strada.
30236	 Un gruppo di persone sta camminando per strada.
17037	 Un gruppo di persone sta camminando per strada.
14316	 Un gruppo di persone sta camminando per strada.
2458	 Un gruppo di persone sta camminando per strada.
1401	 Un gruppo di persone sta camminando per strada.
23205	 Un gruppo di persone sta camminando per strada.
29489	 Un gruppo di persone sta camminando per strada.
13629	 Un gruppo di persone sta camminando per strada.
4317	 Un gruppo di persone sta camminando per strada.
21725	 Un gruppo di persone sta camminando per strada.
17250	 Un gruppo di persone sta camminando per strada.
18448	 Un gruppo di persone sta camminando per strada.
12757	 Un gruppo di persone sta camminando per strada.
5989	 Un gruppo di persone sta camminando per strada.
26050	 Un gruppo di persone sta camminando per strada.
16810	 Un gruppo di persone sta camminando per strada.
28873	 Un gruppo di persone sta camminando per strada.
23098	 Un gruppo di persone sta camminando per strada.
27872	 Un gruppo di persone sta camminando per strada.
20229	 Un gruppo di persone sta camminando per strada.
16421	 Un gruppo di persone sta camminando per strada.
4902	 Un gruppo di persone sta camminando per strada.
19354	 Un gruppo di persone sta camminando per strada.
14332	 Un gruppo di persone sta camminando per strada.
5261	 Un gruppo di persone sta camminando per strada.
1771	 Un gruppo di persone sta camminando per strada.
6300	 Un gruppo di persone sta camminando per strada.
4663	 Un gruppo di persone sta camminando per strada.
6258	 Un gruppo di persone sta camminando per strada.
24521	 Un gruppo di persone sta camminando per strada.
29043	 Un gruppo di persone sta camminando per strada.
15176	 Un gruppo di persone sta camminando per strada.
26682	 Un gruppo di persone sta camminando per strada.
3834	 Un gruppo di persone sta camminando per strada.
133	 Un gruppo di persone sta camminando per strada.
21597	 Un gruppo di persone sta camminando per strada.
26618	 Un gruppo di persone sta camminando per strada.
25479	 Un gruppo di persone sta camminando per strada.
134	 Un gruppo di persone sta camminando per strada.
8199	 Un gruppo di persone sta camminando per strada.
29508	 Un gruppo di persone sta camminando per strada.
19247	 Un gruppo di persone sta camminando per strada.
22254	 Un gruppo di persone sta camminando per strada.
2044	 Un gruppo di persone sta camminando per strada.
26615	 Un gruppo di persone sta camminando per strada.
9088	 Un gruppo di persone sta camminando per strada.
17510	 Un gruppo di persone sta camminando per strada.
13170	 Un gruppo di persone sta camminando per strada.
8811	 Un gruppo di persone sta camminando per strada.
11137	 Un gruppo di persone sta camminando per strada.
11423	 Un gruppo di persone sta camminando per strada.
9978	 Un gruppo di persone sta camminando per strada.
10577	 Un gruppo di persone sta camminando per strada.
7263	 Un gruppo di persone sta camminando per strada.
14048	 Un gruppo di persone sta camminando per strada.
9242	 Un gruppo di persone sta camminando per strada.
18499	 Un gruppo di persone sta camminando per strada.
20981	 Un gruppo di persone sta camminando per strada.
3087	 Un gruppo di persone sta camminando per strada.
28955	 Un gruppo di persone sta camminando per strada.
29197	 Un gruppo di persone sta camminando per strada.
7631	 Un gruppo di persone sta camminando per strada.
17714	 Un gruppo di persone sta camminando per strada.
19555	 Un gruppo di persone sta camminando per strada.
26142	 Un gruppo di persone sta camminando per strada.
18820	 Un gruppo di persone sta camminando per strada.
7170	 Un gruppo di persone sta camminando per strada.
565	 Un gruppo di persone sta camminando per strada.
25776	 Un gruppo di persone sta camminando per strada.
22419	 Un gruppo di persone sta camminando per strada.
9013	 Un gruppo di persone sta camminando per strada.
28240	 Un gruppo di persone sta camminando per strada.
11400	 Un gruppo di persone sta camminando per strada.
25149	 Un gruppo di persone sta camminando per strada.
26998	 Un gruppo di persone sta camminando per strada.
16070	 Un gruppo di persone sta camminando per strada.
17468	 Un gruppo di persone sta camminando per strada.
137	 Un gruppo di persone sta camminando per strada.
8993	 Un gruppo di persone sta camminando per strada.
11152	 Un gruppo di persone sta camminando per strada.
10920	 Un gruppo di persone sta camminando per strada.
906	 Un gruppo di persone sta camminando per strada.
22425	 Un gruppo di persone sta camminando per strada.
972	 Un gruppo di persone sta camminando per strada.
7492	 Un gruppo di persone sta camminando per strada.
14134	 Un gruppo di persone sta camminando per strada.
7909	 Un gruppo di persone sta camminando per strada.
1390	 Un gruppo di persone sta camminando per strada.
12334	 Un gruppo di persone sta camminando per strada.
27303	 Un gruppo di persone sta camminando per strada.
14941	 Un gruppo di persone sta camminando per strada.
304	 Un gruppo di persone sta camminando per strada.
11906	 Un gruppo di persone sta camminando per strada.
222	 Un gruppo di persone sta camminando per strada.
8280	 Un gruppo di persone sta camminando per strada.
7597	 Un gruppo di persone sta camminando per strada.
11897	 Un gruppo di persone sta camminando per strada.
28570	 Un gruppo di persone sta camminando per strada.
10330	 Un gruppo di persone sta camminando per strada.
1358	 Un gruppo di persone sta camminando per strada.
14260	 Un gruppo di persone sta camminando per strada.
4402	 Un gruppo di persone sta camminando per strada.
24624	 Un gruppo di persone sta camminando per strada.
28966	 Un gruppo di persone sta camminando per strada.
20016	 Un gruppo di persone sta camminando per strada.
19929	 Un gruppo di persone sta camminando per strada.
4556	 Un gruppo di persone sta camminando per strada.
16191	 Un gruppo di persone sta camminando per strada.
16395	 Un gruppo di persone sta camminando per strada.
19471	 Un gruppo di persone sta camminando per strada.
15309	 Un gruppo di persone sta camminando per strada.
9908	 Un gruppo di persone sta camminando per strada.
1610	 Un gruppo di persone sta camminando per strada.
17057	 Un gruppo di persone sta camminando per strada.
23252	 Un gruppo di persone sta camminando per strada.
15047	 Un gruppo di persone sta camminando per strada.
26049	 Un gruppo di persone sta camminando per strada.
17978	 Un gruppo di persone sta camminando per strada.
21301	 Un gruppo di persone sta camminando per strada.
11624	 Un gruppo di persone sta camminando per strada.
16938	 Un gruppo di persone sta camminando per strada.
12030	 Un gruppo di persone sta camminando per strada.
28661	 Un gruppo di persone sta camminando per strada.
13724	 Un gruppo di persone sta camminando per strada.
16347	 Un gruppo di persone sta camminando per strada.
3724	 Un gruppo di persone sta camminando per strada.
16090	 Un gruppo di persone sta camminando per strada.
11207	 Un gruppo di persone sta camminando per strada.
4027	 Un gruppo di persone sta camminando per strada.
615	 Un gruppo di persone sta camminando per strada.
17822	 Un gruppo di persone sta camminando per strada.
1030	 Un gruppo di persone sta camminando per strada.
16631	 Un gruppo di persone sta camminando per strada.
28885	 Un gruppo di persone sta camminando per strada.
29632	 Un gruppo di persone sta camminando per strada.
4816	 Un gruppo di persone sta camminando per strada.
9328	 Un gruppo di persone sta camminando per strada.
7584	 Un gruppo di persone sta camminando per strada.
19738	 Un gruppo di persone sta camminando per strada.
16018	 Un gruppo di persone sta camminando per strada.
23756	 Un gruppo di persone sta camminando per strada.
26440	 Un gruppo di persone sta camminando per strada.
22163	 Un gruppo di persone sta camminando per strada.
20071	 Un gruppo di persone sta camminando per strada.
19834	 Un gruppo di persone sta camminando per strada.
29944	 Un gruppo di persone sta camminando per strada.
5056	 Un gruppo di persone sta camminando per strada.
11914	 Un gruppo di persone sta camminando per strada.
6078	 Un gruppo di persone sta camminando per strada.
25456	 Un gruppo di persone sta camminando per strada.
12366	 Un gruppo di persone sta camminando per strada.
10575	 Un gruppo di persone sta camminando per strada.
4501	 Un gruppo di persone sta camminando per strada.
4881	 Un gruppo di persone sta camminando per strada.
23351	 Un gruppo di persone sta camminando per strada.
26512	 Un gruppo di persone sta camminando per strada.
27671	 Un gruppo di persone sta camminando per strada.
24095	 Un gruppo di persone sta camminando per strada.
3459	 Un gruppo di persone sta camminando per strada.
15374	 Un gruppo di persone sta camminando per strada.
26377	 Un gruppo di persone sta camminando per strada.
5343	 Un gruppo di persone sta camminando per strada.
10390	 Un gruppo di persone sta camminando per strada.
20821	 Un gruppo di persone sta camminando per strada.
7507	 Un gruppo di persone sta camminando per strada.
12212	 Un gruppo di persone sta camminando per strada.
18250	 Un gruppo di persone sta camminando per strada.
22042	 Un gruppo di persone sta camminando per strada.
19896	 Un gruppo di persone sta camminando per strada.
26419	 Un gruppo di persone sta camminando per strada.
4562	 Un gruppo di persone sta camminando per strada.
1044	 Un gruppo di persone sta camminando per strada.
4748	 Un gruppo di persone sta camminando per strada.
14596	 Un gruppo di persone sta camminando per strada.
30652	 Un gruppo di persone sta camminando per strada.
12902	 Un gruppo di persone sta camminando per strada.
21696	 Un gruppo di persone sta camminando per strada.
7874	 Un gruppo di persone sta camminando per strada.
5330	 Un gruppo di persone sta camminando per strada.
1023	 Un gruppo di persone sta camminando per strada.
24277	 Un gruppo di persone sta camminando per strada.
22994	 Un gruppo di persone sta camminando per strada.
26536	 Un gruppo di persone sta camminando per strada.
14570	 Un gruppo di persone sta camminando per strada.
23686	 Un gruppo di persone sta camminando per strada.
20240	 Un gruppo di persone sta camminando per strada.
22383	 Un gruppo di persone sta camminando per strada.
20005	 Un gruppo di persone sta camminando per strada.
539	 Un gruppo di persone sta camminando per strada.
13770	 Un gruppo di persone sta camminando per strada.
9039	 Un gruppo di persone sta camminando per strada.
22886	 Un gruppo di persone sta camminando per strada.
2180	 Un gruppo di persone sta camminando per strada.
2412	 Un gruppo di persone sta camminando per strada.
11278	 Un gruppo di persone sta camminando per strada.
4028	 Un gruppo di persone sta camminando per strada.
27988	 Un gruppo di persone sta camminando per strada.
19075	 Un gruppo di persone sta camminando per strada.
20390	 Un gruppo di persone sta camminando per strada.
6334	 Un gruppo di persone sta camminando per strada.
25	 Un gruppo di persone sta camminando per strada.
11963	 Un gruppo di persone sta camminando per strada.
8903	 Un gruppo di persone sta camminando per strada.
14117	 Un gruppo di persone sta camminando per strada.
6242	 Un gruppo di persone sta camminando per strada.
27830	 Un gruppo di persone sta camminando per strada.
3539	 Un gruppo di persone sta camminando per strada.
17071	 Un gruppo di persone sta camminando per strada.
1417	 Un gruppo di persone sta camminando per strada.
654	 Un gruppo di persone sta camminando per strada.
26846	 Un gruppo di persone sta camminando per strada.
4879	 Un gruppo di persone sta camminando per strada.
13197	 Un gruppo di persone sta camminando per strada.
9074	 Un gruppo di persone sta camminando per strada.
29364	 Un gruppo di persone sta camminando per strada.
25058	 Un gruppo di persone sta camminando per strada.
16048	 Un gruppo di persone sta camminando per strada.
5867	 Un gruppo di persone sta camminando per strada.
20640	 Un gruppo di persone sta camminando per strada.
21423	 Un gruppo di persone sta camminando per strada.
17630	 Un gruppo di persone sta camminando per strada.
15588	 Un gruppo di persone sta camminando per strada.
26982	 Un gruppo di persone sta camminando per strada.
30494	 Un gruppo di persone sta camminando per strada.
20858	 Un gruppo di persone sta camminando per strada.
28063	 Un gruppo di persone sta camminando per strada.
20709	 Un gruppo di persone sta camminando per strada.
4801	 Un gruppo di persone sta camminando per strada.
16049	 Un gruppo di persone sta camminando per strada.
1987	 Un gruppo di persone sta camminando per strada.
26094	 Un gruppo di persone sta camminando per strada.
23827	 Un gruppo di persone sta camminando per strada.
22223	 Un gruppo di persone sta camminando per strada.
6031	 Un gruppo di persone sta camminando per strada.
3451	 Un gruppo di persone sta camminando per strada.
3008	 Un gruppo di persone sta camminando per strada.
14736	 Un gruppo di persone sta camminando per strada.
30549	 Un gruppo di persone sta camminando per strada.
17997	 Un gruppo di persone sta camminando per strada.
28026	 Un gruppo di persone sta camminando per strada.
20248	 Un gruppo di persone sta camminando per strada.
5541	 Un gruppo di persone sta camminando per strada.
23758	 Un gruppo di persone sta camminando per strada.
9065	 Un gruppo di persone sta camminando per strada.
17045	 Un gruppo di persone sta camminando per strada.
1646	 Un gruppo di persone sta camminando per strada.
24846	 Un gruppo di persone sta camminando per strada.
8982	 Un gruppo di persone sta camminando per strada.
27682	 Un gruppo di persone sta camminando per strada.
19348	 Un gruppo di persone sta camminando per strada.
6306	 Un gruppo di persone sta camminando per strada.
25516	 Un gruppo di persone sta camminando per strada.
24327	 Un gruppo di persone sta camminando per strada.
14333	 Un gruppo di persone sta camminando per strada.
10691	 Un gruppo di persone sta camminando per strada.
8561	 Un gruppo di persone sta camminando per strada.
19263	 Un gruppo di persone sta camminando per strada.
24145	 Un gruppo di persone sta camminando per strada.
16532	 Un gruppo di persone sta camminando per strada.
11124	 Un gruppo di persone sta camminando per strada.
3771	 Un gruppo di persone sta camminando per strada.
199	 Un gruppo di persone sta camminando per strada.
21996	 Un gruppo di persone sta camminando per strada.
12084	 Un gruppo di persone sta camminando per strada.
17615	 Un gruppo di persone sta camminando per strada.
1305	 Un gruppo di persone sta camminando per strada.
1981	 Un gruppo di persone sta camminando per strada.
5964	 Un gruppo di persone sta camminando per strada.
856	 Un gruppo di persone sta camminando per strada.
7912	 Un gruppo di persone sta camminando per strada.
22956	 Un gruppo di persone sta camminando per strada.
20103	 Un gruppo di persone sta camminando per strada.
22968	 Un gruppo di persone sta camminando per strada.
22651	 Un gruppo di persone sta camminando per strada.
28662	 Un gruppo di persone sta camminando per strada.
2433	 Un gruppo di persone sta camminando per strada.
734	 Un gruppo di persone sta camminando per strada.
12305	 Un gruppo di persone sta camminando per strada.
24535	 Un gruppo di persone sta camminando per strada.
12865	 Un gruppo di persone sta camminando per strada.
15809	 Un gruppo di persone sta camminando per strada.
434	 Un gruppo di persone sta camminando per strada.
8674	 Un gruppo di persone sta camminando per strada.
15020	 Un gruppo di persone sta camminando per strada.
29185	 Un gruppo di persone sta camminando per strada.
9776	 Un gruppo di persone sta camminando per strada.
8175	 Un gruppo di persone sta camminando per strada.
5701	 Un gruppo di persone sta camminando per strada.
12375	 Un gruppo di persone sta camminando per strada.
8023	 Un gruppo di persone sta camminando per strada.
754	 Un gruppo di persone sta camminando per strada.
21635	 Un gruppo di persone sta camminando per strada.
8267	 Un gruppo di persone sta camminando per strada.
8486	 Un gruppo di persone sta camminando per strada.
13785	 Un gruppo di persone sta camminando per strada.
13744	 Un gruppo di persone sta camminando per strada.
395	 Un gruppo di persone sta camminando per strada.
30542	 Un gruppo di persone sta camminando per strada.
21510	 Un gruppo di persone sta camminando per strada.
1594	 Un gruppo di persone sta camminando per strada.
17661	 Un gruppo di persone sta camminando per strada.
16458	 Un gruppo di persone sta camminando per strada.
23957	 Un gruppo di persone sta camminando per strada.
9266	 Un gruppo di persone sta camminando per strada.
4510	 Un gruppo di persone sta camminando per strada.
30283	 Un gruppo di persone sta camminando per strada.
29952	 Un gruppo di persone sta camminando per strada.
23099	 Un gruppo di persone sta camminando per strada.
26969	 Un gruppo di persone sta camminando per strada.
12058	 Un gruppo di persone sta camminando per strada.
7542	 Un gruppo di persone sta camminando per strada.
28893	 Un gruppo di persone sta camminando per strada.
19071	 Un gruppo di persone sta camminando per strada.
26366	 Un gruppo di persone sta camminando per strada.
1284	 Un gruppo di persone sta camminando per strada.
30665	 Un gruppo di persone sta camminando per strada.
10925	 Un gruppo di persone sta camminando per strada.
19162	 Un gruppo di persone sta camminando per strada.
15457	 Un gruppo di persone sta camminando per strada.
24350	 Un gruppo di persone sta camminando per strada.
13085	 Un gruppo di persone sta camminando per strada.
25133	 Un gruppo di persone sta camminando per strada.
11618	 Un gruppo di persone sta camminando per strada.
12994	 Un gruppo di persone sta camminando per strada.
22998	 Un gruppo di persone sta camminando per strada.
21187	 Un gruppo di persone sta camminando per strada.
22613	 Un gruppo di persone sta camminando per strada.
16063	 Un gruppo di persone sta camminando per strada.
28139	 Un gruppo di persone sta camminando per strada.
661	 Un gruppo di persone sta camminando per strada.
18723	 Un gruppo di persone sta camminando per strada.
2319	 Un gruppo di persone sta camminando per strada.
12178	 Un gruppo di persone sta camminando per strada.
10663	 Un gruppo di persone sta camminando per strada.
13837	 Un gruppo di persone sta camminando per strada.
19639	 Un gruppo di persone sta camminando per strada.
10788	 Un gruppo di persone sta camminando per strada.
20592	 Un gruppo di persone sta camminando per strada.
18146	 Un gruppo di persone sta camminando per strada.
26984	 Un gruppo di persone sta camminando per strada.
16010	 Un gruppo di persone sta camminando per strada.
25188	 Un gruppo di persone sta camminando per strada.
11979	 Un gruppo di persone sta camminando per strada.
28827	 Un gruppo di persone sta camminando per strada.
18998	 Un gruppo di persone sta camminando per strada.
20946	 Un gruppo di persone sta camminando per strada.
20139	 Un gruppo di persone sta camminando per strada.
18061	 Un gruppo di persone sta camminando per strada.
22387	 Un gruppo di persone sta camminando per strada.
16416	 Un gruppo di persone sta camminando per strada.
6008	 Un gruppo di persone sta camminando per strada.
24806	 Un gruppo di persone sta camminando per strada.
11234	 Un gruppo di persone sta camminando per strada.
15875	 Un gruppo di persone sta camminando per strada.
24974	 Un gruppo di persone sta camminando per strada.
16455	 Un gruppo di persone sta camminando per strada.
3162	 Un gruppo di persone sta camminando per strada.
30111	 Un gruppo di persone sta camminando per strada.
17983	 Un gruppo di persone sta camminando per strada.
11516	 Un gruppo di persone sta camminando per strada.
887	 Un gruppo di persone sta camminando per strada.
19122	 Un gruppo di persone sta camminando per strada.
17903	 Un gruppo di persone sta camminando per strada.
22778	 Un gruppo di persone sta camminando per strada.
21778	 Un gruppo di persone sta camminando per strada.
3774	 Un gruppo di persone sta camminando per strada.
8070	 Un gruppo di persone sta camminando per strada.
12427	 Un gruppo di persone sta camminando per strada.
26922	 Un gruppo di persone sta camminando per strada.
30664	 Un gruppo di persone sta camminando per strada.
2054	 Un gruppo di persone sta camminando per strada.
12133	 Un gruppo di persone sta camminando per strada.
246	 Un gruppo di persone sta camminando per strada.
760	 Un gruppo di persone sta camminando per strada.
26256	 Un gruppo di persone sta camminando per strada.
8054	 Un gruppo di persone sta camminando per strada.
25986	 Un gruppo di persone sta camminando per strada.
19373	 Un gruppo di persone sta camminando per strada.
15004	 Un gruppo di persone sta camminando per strada.
23850	 Un gruppo di persone sta camminando per strada.
15974	 Un gruppo di persone sta camminando per strada.
17603	 Un gruppo di persone sta camminando per strada.
23346	 Un gruppo di persone sta camminando per strada.
9803	 Un gruppo di persone sta camminando per strada.
26843	 Un gruppo di persone sta camminando per strada.
7739	 Un gruppo di persone sta camminando per strada.
21105	 Un gruppo di persone sta camminando per strada.
26370	 Un gruppo di persone sta camminando per strada.
472	 Un gruppo di persone sta camminando per strada.
12077	 Un gruppo di persone sta camminando per strada.
25795	 Un gruppo di persone sta camminando per strada.
6921	 Un gruppo di persone sta camminando per strada.
10239	 Un gruppo di persone sta camminando per strada.
22078	 Un gruppo di persone sta camminando per strada.
8225	 Un gruppo di persone sta camminando per strada.
27048	 Un gruppo di persone sta camminando per strada.
16992	 Un gruppo di persone sta camminando per strada.
22847	 Un gruppo di persone sta camminando per strada.
2124	 Un gruppo di persone sta camminando per strada.
22755	 Un gruppo di persone sta camminando per strada.
2906	 Un gruppo di persone sta camminando per strada.
9911	 Un gruppo di persone sta camminando per strada.
22678	 Un gruppo di persone sta camminando per strada.
29177	 Un gruppo di persone sta camminando per strada.
487	 Un gruppo di persone sta camminando per strada.
27733	 Un gruppo di persone sta camminando per strada.
828	 Un gruppo di persone sta camminando per strada.
2848	 Un gruppo di persone sta camminando per strada.
5441	 Un gruppo di persone sta camminando per strada.
23115	 Un gruppo di persone sta camminando per strada.
17347	 Un gruppo di persone sta camminando per strada.
18418	 Un gruppo di persone sta camminando per strada.
16871	 Un gruppo di persone sta camminando per strada.
25987	 Un gruppo di persone sta camminando per strada.
10005	 Un gruppo di persone sta camminando per strada.
23107	 Un gruppo di persone sta camminando per strada.
26645	 Un gruppo di persone sta camminando per strada.
15410	 Un gruppo di persone sta camminando per strada.
1117	 Un gruppo di persone sta camminando per strada.
3245	 Un gruppo di persone sta camminando per strada.
21219	 Un gruppo di persone sta camminando per strada.
520	 Un gruppo di persone sta camminando per strada.
22865	 Un gruppo di persone sta camminando per strada.
12947	 Un gruppo di persone sta camminando per strada.
21381	 Un gruppo di persone sta camminando per strada.
11747	 Un gruppo di persone sta camminando per strada.
7639	 Un gruppo di persone sta camminando per strada.
29608	 Un gruppo di persone sta camminando per strada.
973	 Un gruppo di persone sta camminando per strada.
14989	 Un gruppo di persone sta camminando per strada.
3078	 Un gruppo di persone sta camminando per strada.
19435	 Un gruppo di persone sta camminando per strada.
19545	 Un gruppo di persone sta camminando per strada.
3082	 Un gruppo di persone sta camminando per strada.
2678	 Un gruppo di persone sta camminando per strada.
15834	 Un gruppo di persone sta camminando per strada.
26446	 Un gruppo di persone sta camminando per strada.
30943	 Un gruppo di persone sta camminando per strada.
7581	 Un gruppo di persone sta camminando per strada.
8940	 Un gruppo di persone sta camminando per strada.
1576	 Un gruppo di persone sta camminando per strada.
29424	 Un gruppo di persone sta camminando per strada.
1984	 Un gruppo di persone sta camminando per strada.
2429	 Un gruppo di persone sta camminando per strada.
3476	 Un gruppo di persone sta camminando per strada.
6645	 Un gruppo di persone sta camminando per strada.
8654	 Un gruppo di persone sta camminando per strada.
12293	 Un gruppo di persone sta camminando per strada.
17121	 Un gruppo di persone sta camminando per strada.
24476	 Un gruppo di persone sta camminando per strada.
10171	 Un gruppo di persone sta camminando per strada.
8528	 Un gruppo di persone sta camminando per strada.
22334	 Un gruppo di persone sta camminando per strada.
318	 Un gruppo di persone sta camminando per strada.
14434	 Un gruppo di persone sta camminando per strada.
3109	 Un gruppo di persone sta camminando per strada.
8364	 Un gruppo di persone sta camminando per strada.
8611	 Un gruppo di persone sta camminando per strada.
14721	 Un gruppo di persone sta camminando per strada.
12402	 Un gruppo di persone sta camminando per strada.
19609	 Un gruppo di persone sta camminando per strada.
9959	 Un gruppo di persone sta camminando per strada.
2788	 Un gruppo di persone sta camminando per strada.
22145	 Un gruppo di persone sta camminando per strada.
29480	 Un gruppo di persone sta camminando per strada.
28694	 Un gruppo di persone sta camminando per strada.
30843	 Un gruppo di persone sta camminando per strada.
30105	 Un gruppo di persone sta camminando per strada.
20297	 Un gruppo di persone sta camminando per strada.
9492	 Un gruppo di persone sta camminando per strada.
24425	 Un gruppo di persone sta camminando per strada.
2265	 Un gruppo di persone sta camminando per strada.
6376	 Un gruppo di persone sta camminando per strada.
17031	 Un gruppo di persone sta camminando per strada.
1723	 Un gruppo di persone sta camminando per strada.
19384	 Un gruppo di persone sta camminando per strada.
22776	 Un gruppo di persone sta camminando per strada.
16888	 Un gruppo di persone sta camminando per strada.
29791	 Un gruppo di persone sta camminando per strada.
4882	 Un gruppo di persone sta camminando per strada.
2103	 Un gruppo di persone sta camminando per strada.
340	 Un gruppo di persone sta camminando per strada.
12441	 Un gruppo di persone sta camminando per strada.
6127	 Un gruppo di persone sta camminando per strada.
22317	 Un gruppo di persone sta camminando per strada.
748	 Un gruppo di persone sta camminando per strada.
9502	 Un gruppo di persone sta camminando per strada.
10620	 Un gruppo di persone sta camminando per strada.
124	 Un gruppo di persone sta camminando per strada.
24863	 Un gruppo di persone sta camminando per strada.
18584	 Un gruppo di persone sta camminando per strada.
26411	 Un gruppo di persone sta camminando per strada.
25819	 Un gruppo di persone sta camminando per strada.
11283	 Un gruppo di persone sta camminando per strada.
9598	 Un gruppo di persone sta camminando per strada.
24517	 Un gruppo di persone sta camminando per strada.
19174	 Un gruppo di persone sta camminando per strada.
6005	 Un gruppo di persone sta camminando per strada.
19624	 Un gruppo di persone sta camminando per strada.
30503	 Un gruppo di persone sta camminando per strada.
4343	 Un gruppo di persone sta camminando per strada.
9888	 Un gruppo di persone sta camminando per strada.
3972	 Un gruppo di persone sta camminando per strada.
28582	 Un gruppo di persone sta camminando per strada.
13580	 Un gruppo di persone sta camminando per strada.
30201	 Un gruppo di persone sta camminando per strada.
17708	 Un gruppo di persone sta camminando per strada.
19027	 Un gruppo di persone sta camminando per strada.
6733	 Un gruppo di persone sta camminando per strada.
21764	 Un gruppo di persone sta camminando per strada.
11374	 Un gruppo di persone sta camminando per strada.
27168	 Un gruppo di persone sta camminando per strada.
5016	 Un gruppo di persone sta camminando per strada.
6532	 Un gruppo di persone sta camminando per strada.
21127	 Un gruppo di persone sta camminando per strada.
17208	 Un gruppo di persone sta camminando per strada.
13916	 Un gruppo di persone sta camminando per strada.
12486	 Un gruppo di persone sta camminando per strada.
8412	 Un gruppo di persone sta camminando per strada.
24777	 Un gruppo di persone sta camminando per strada.
22098	 Un gruppo di persone sta camminando per strada.
12813	 Un gruppo di persone sta camminando per strada.
26133	 Un gruppo di persone sta camminando per strada.
19643	 Un gruppo di persone sta camminando per strada.
5160	 Un gruppo di persone sta camminando per strada.
8831	 Un gruppo di persone sta camminando per strada.
5580	 Un gruppo di persone sta camminando per strada.
13135	 Un gruppo di persone sta camminando per strada.
23724	 Un gruppo di persone sta camminando per strada.
13977	 Un gruppo di persone sta camminando per strada.
23617	 Un gruppo di persone sta camminando per strada.
18426	 Un gruppo di persone sta camminando per strada.
17573	 Un gruppo di persone sta camminando per strada.
27457	 Un gruppo di persone sta camminando per strada.
2956	 Un gruppo di persone sta camminando per strada.
11890	 Un gruppo di persone sta camminando per strada.
22339	 Un gruppo di persone sta camminando per strada.
29352	 Un gruppo di persone sta camminando per strada.
1310	 Un gruppo di persone sta camminando per strada.
11466	 Un gruppo di persone sta camminando per strada.
28005	 Un gruppo di persone sta camminando per strada.
22389	 Un gruppo di persone sta camminando per strada.
2112	 Un gruppo di persone sta camminando per strada.
5881	 Un gruppo di persone sta camminando per strada.
18318	 Un gruppo di persone sta camminando per strada.
10124	 Un gruppo di persone sta camminando per strada.
11363	 Un gruppo di persone sta camminando per strada.
22594	 Un gruppo di persone sta camminando per strada.
20459	 Un gruppo di persone sta camminando per strada.
4686	 Un gruppo di persone sta camminando per strada.
12245	 Un gruppo di persone sta camminando per strada.
22788	 Un gruppo di persone sta camminando per strada.
8776	 Un gruppo di persone sta camminando per strada.
26946	 Un gruppo di persone sta camminando per strada.
24181	 Un gruppo di persone sta camminando per strada.
13650	 Un gruppo di persone sta camminando per strada.
10287	 Un gruppo di persone sta camminando per strada.
28978	 Un gruppo di persone sta camminando per strada.
14832	 Un gruppo di persone sta camminando per strada.
14841	 Un gruppo di persone sta camminando per strada.
51	 Un gruppo di persone sta camminando per strada.
5763	 Un gruppo di persone sta camminando per strada.
27726	 Un gruppo di persone sta camminando per strada.
4313	 Un gruppo di persone sta camminando per strada.
12184	 Un gruppo di persone sta camminando per strada.
5581	 Un gruppo di persone sta camminando per strada.
13543	 Un gruppo di persone sta camminando per strada.
10097	 Un gruppo di persone sta camminando per strada.
6781	 Un gruppo di persone sta camminando per strada.
14072	 Un gruppo di persone sta camminando per strada.
26039	 Un gruppo di persone sta camminando per strada.
8322	 Un gruppo di persone sta camminando per strada.
18155	 Un gruppo di persone sta camminando per strada.
11086	 Un gruppo di persone sta camminando per strada.
26407	 Un gruppo di persone sta camminando per strada.
22860	 Un gruppo di persone sta camminando per strada.
25541	 Un gruppo di persone sta camminando per strada.
23006	 Un gruppo di persone sta camminando per strada.
6694	 Un gruppo di persone sta camminando per strada.
25525	 Un gruppo di persone sta camminando per strada.
22835	 Un gruppo di persone sta camminando per strada.
5724	 Un gruppo di persone sta camminando per strada.
16124	 Un gruppo di persone sta camminando per strada.
23128	 Un gruppo di persone sta camminando per strada.
16715	 Un gruppo di persone sta camminando per strada.
16199	 Un gruppo di persone sta camminando per strada.
9285	 Un gruppo di persone sta camminando per strada.
9609	 Un gruppo di persone sta camminando per strada.
279	 Un gruppo di persone sta camminando per strada.
10010	 Un gruppo di persone sta camminando per strada.
1983	 Un gruppo di persone sta camminando per strada.
25315	 Un gruppo di persone sta camminando per strada.
22870	 Un gruppo di persone sta camminando per strada.
29354	 Un gruppo di persone sta camminando per strada.
28066	 Un gruppo di persone sta camminando per strada.
9519	 Un gruppo di persone sta camminando per strada.
11939	 Un gruppo di persone sta camminando per strada.
29357	 Un gruppo di persone sta camminando per strada.
29010	 Un gruppo di persone sta camminando per strada.
5947	 Un gruppo di persone sta camminando per strada.
5621	 Un gruppo di persone sta camminando per strada.
20448	 Un gruppo di persone sta camminando per strada.
17109	 Un gruppo di persone sta camminando per strada.
23345	 Un gruppo di persone sta camminando per strada.
12475	 Un gruppo di persone sta camminando per strada.
1072	 Un gruppo di persone sta camminando per strada.
2161	 Un gruppo di persone sta camminando per strada.
25918	 Un gruppo di persone sta camminando per strada.
20682	 Un gruppo di persone sta camminando per strada.
17945	 Un gruppo di persone sta camminando per strada.
8079	 Un gruppo di persone sta camminando per strada.
23144	 Un gruppo di persone sta camminando per strada.
19838	 Un gruppo di persone sta camminando per strada.
13516	 Un gruppo di persone sta camminando per strada.
14786	 Un gruppo di persone sta camminando per strada.
9042	 Un gruppo di persone sta camminando per strada.
27391	 Un gruppo di persone sta camminando per strada.
15358	 Un gruppo di persone sta camminando per strada.
26084	 Un gruppo di persone sta camminando per strada.
29772	 Un gruppo di persone sta camminando per strada.
13302	 Un gruppo di persone sta camminando per strada.
22258	 Un gruppo di persone sta camminando per strada.
30557	 Un gruppo di persone sta camminando per strada.
23863	 Un gruppo di persone sta camminando per strada.
25376	 Un gruppo di persone sta camminando per strada.
27025	 Un gruppo di persone sta camminando per strada.
3097	 Un gruppo di persone sta camminando per strada.
14453	 Un gruppo di persone sta camminando per strada.
17533	 Un gruppo di persone sta camminando per strada.
17346	 Un gruppo di persone sta camminando per strada.
15592	 Un gruppo di persone sta camminando per strada.
22341	 Un gruppo di persone sta camminando per strada.
15077	 Un gruppo di persone sta camminando per strada.
11219	 Un gruppo di persone sta camminando per strada.
5760	 Un gruppo di persone sta camminando per strada.
9274	 Un gruppo di persone sta camminando per strada.
23164	 Un gruppo di persone sta camminando per strada.
24495	 Un gruppo di persone sta camminando per strada.
14690	 Un gruppo di persone sta camminando per strada.
15138	 Un gruppo di persone sta camminando per strada.
25763	 Un gruppo di persone sta camminando per strada.
26015	 Un gruppo di persone sta camminando per strada.
1206	 Un gruppo di persone sta camminando per strada.
21121	 Un gruppo di persone sta camminando per strada.
23065	 Un gruppo di persone sta camminando per strada.
7881	 Un gruppo di persone sta camminando per strada.
30384	 Un gruppo di persone sta camminando per strada.
16600	 Un gruppo di persone sta camminando per strada.
21335	 Un gruppo di persone sta camminando per strada.
17933	 Un gruppo di persone sta camminando per strada.
2955	 Un gruppo di persone sta camminando per strada.
2197	 Un gruppo di persone sta camminando per strada.
10693	 Un gruppo di persone sta camminando per strada.
26806	 Un gruppo di persone sta camminando per strada.
7973	 Un gruppo di persone sta camminando per strada.
17338	 Un gruppo di persone sta camminando per strada.
10858	 Un gruppo di persone sta camminando per strada.
670	 Un gruppo di persone sta camminando per strada.
9979	 Un gruppo di persone sta camminando per strada.
13417	 Un gruppo di persone sta camminando per strada.
28068	 Un gruppo di persone sta camminando per strada.
2600	 Un gruppo di persone sta camminando per strada.
29323	 Un gruppo di persone sta camminando per strada.
15067	 Un gruppo di persone sta camminando per strada.
6486	 Un gruppo di persone sta camminando per strada.
13648	 Un gruppo di persone sta camminando per strada.
24315	 Un gruppo di persone sta camminando per strada.
8766	 Un gruppo di persone sta camminando per strada.
26906	 Un gruppo di persone sta camminando per strada.
8870	 Un gruppo di persone sta camminando per strada.
24836	 Un gruppo di persone sta camminando per strada.
6250	 Un gruppo di persone sta camminando per strada.
22476	 Un gruppo di persone sta camminando per strada.
10235	 Un gruppo di persone sta camminando per strada.
19478	 Un gruppo di persone sta camminando per strada.
2572	 Un gruppo di persone sta camminando per strada.
6661	 Un gruppo di persone sta camminando per strada.
9531	 Un gruppo di persone sta camminando per strada.
20457	 Un gruppo di persone sta camminando per strada.
27250	 Un gruppo di persone sta camminando per strada.
28389	 Un gruppo di persone sta camminando per strada.
13388	 Un gruppo di persone sta camminando per strada.
3703	 Un gruppo di persone sta camminando per strada.
22548	 Un gruppo di persone sta camminando per strada.
17483	 Un gruppo di persone sta camminando per strada.
5240	 Un gruppo di persone sta camminando per strada.
8872	 Un gruppo di persone sta camminando per strada.
28879	 Un gruppo di persone sta camminando per strada.
17194	 Un gruppo di persone sta camminando per strada.
20507	 Un gruppo di persone sta camminando per strada.
23070	 Un gruppo di persone sta camminando per strada.
17497	 Un gruppo di persone sta camminando per strada.
1343	 Un gruppo di persone sta camminando per strada.
26352	 Un gruppo di persone sta camminando per strada.
19772	 Un gruppo di persone sta camminando per strada.
21067	 Un gruppo di persone sta camminando per strada.
5767	 Un gruppo di persone sta camminando per strada.
5970	 Un gruppo di persone sta camminando per strada.
16773	 Un gruppo di persone sta camminando per strada.
5854	 Un gruppo di persone sta camminando per strada.
8084	 Un gruppo di persone sta camminando per strada.
18731	 Un gruppo di persone sta camminando per strada.
1196	 Un gruppo di persone sta camminando per strada.
14495	 Un gruppo di persone sta camminando per strada.
9223	 Un gruppo di persone sta camminando per strada.
5171	 Un gruppo di persone sta camminando per strada.
6796	 Un gruppo di persone sta camminando per strada.
30619	 Un gruppo di persone sta camminando per strada.
24244	 Un gruppo di persone sta camminando per strada.
3500	 Un gruppo di persone sta camminando per strada.
22751	 Un gruppo di persone sta camminando per strada.
15412	 Un gruppo di persone sta camminando per strada.
3130	 Un gruppo di persone sta camminando per strada.
23509	 Un gruppo di persone sta camminando per strada.
3826	 Un gruppo di persone sta camminando per strada.
7682	 Un gruppo di persone sta camminando per strada.
9058	 Un gruppo di persone sta camminando per strada.
18764	 Un gruppo di persone sta camminando per strada.
27321	 Un gruppo di persone sta camminando per strada.
2909	 Un gruppo di persone sta camminando per strada.
7996	 Un gruppo di persone sta camminando per strada.
7921	 Un gruppo di persone sta camminando per strada.
8740	 Un gruppo di persone sta camminando per strada.
14974	 Un gruppo di persone sta camminando per strada.
11514	 Un gruppo di persone sta camminando per strada.
14796	 Un gruppo di persone sta camminando per strada.
30781	 Un gruppo di persone sta camminando per strada.
30942	 Un gruppo di persone sta camminando per strada.
9308	 Un gruppo di persone sta camminando per strada.
3412	 Un gruppo di persone sta camminando per strada.
26393	 Un gruppo di persone sta camminando per strada.
28123	 Un gruppo di persone sta camminando per strada.
9506	 Un gruppo di persone sta camminando per strada.
10376	 Un gruppo di persone sta camminando per strada.
14221	 Un gruppo di persone sta camminando per strada.
917	 Un gruppo di persone sta camminando per strada.
10666	 Un gruppo di persone sta camminando per strada.
10088	 Un gruppo di persone sta camminando per strada.
10379	 Un gruppo di persone sta camminando per strada.
8362	 Un gruppo di persone sta camminando per strada.
26697	 Un gruppo di persone sta camminando per strada.
22327	 Un gruppo di persone sta camminando per strada.
14626	 Un gruppo di persone sta camminando per strada.
5327	 Un gruppo di persone sta camminando per strada.
3648	 Un gruppo di persone sta camminando per strada.
29108	 Un gruppo di persone sta camminando per strada.
7702	 Un gruppo di persone sta camminando per strada.
19867	 Un gruppo di persone sta camminando per strada.
25554	 Un gruppo di persone sta camminando per strada.
29754	 Un gruppo di persone sta camminando per strada.
19508	 Un gruppo di persone sta camminando per strada.
219	 Un gruppo di persone sta camminando per strada.
24829	 Un gruppo di persone sta camminando per strada.
18310	 Un gruppo di persone sta camminando per strada.
12706	 Un gruppo di persone sta camminando per strada.
9736	 Un gruppo di persone sta camminando per strada.
9592	 Un gruppo di persone sta camminando per strada.
11239	 Un gruppo di persone sta camminando per strada.
22892	 Un gruppo di persone sta camminando per strada.
16381	 Un gruppo di persone sta camminando per strada.
18979	 Un gruppo di persone sta camminando per strada.
25637	 Un gruppo di persone sta camminando per strada.
15774	 Un gruppo di persone sta camminando per strada.
14582	 Un gruppo di persone sta camminando per strada.
21544	 Un gruppo di persone sta camminando per strada.
228	 Un gruppo di persone sta camminando per strada.
21498	 Un gruppo di persone sta camminando per strada.
23560	 Un gruppo di persone sta camminando per strada.
17202	 Un gruppo di persone sta camminando per strada.
7153	 Un gruppo di persone sta camminando per strada.
2803	 Un gruppo di persone sta camminando per strada.
25494	 Un gruppo di persone sta camminando per strada.
14337	 Un gruppo di persone sta camminando per strada.
9673	 Un gruppo di persone sta camminando per strada.
19277	 Un gruppo di persone sta camminando per strada.
29087	 Un gruppo di persone sta camminando per strada.
21222	 Un gruppo di persone sta camminando per strada.
1895	 Un gruppo di persone sta camminando per strada.
21530	 Un gruppo di persone sta camminando per strada.
19857	 Un gruppo di persone sta camminando per strada.
14231	 Un gruppo di persone sta camminando per strada.
9342	 Un gruppo di persone sta camminando per strada.
29862	 Un gruppo di persone sta camminando per strada.
1821	 Un gruppo di persone sta camminando per strada.
28067	 Un gruppo di persone sta camminando per strada.
2851	 Un gruppo di persone sta camminando per strada.
30480	 Un gruppo di persone sta camminando per strada.
9579	 Un gruppo di persone sta camminando per strada.
6067	 Un gruppo di persone sta camminando per strada.
1306	 Un gruppo di persone sta camminando per strada.
20832	 Un gruppo di persone sta camminando per strada.
17177	 Un gruppo di persone sta camminando per strada.
25626	 Un gruppo di persone sta camminando per strada.
30065	 Un gruppo di persone sta camminando per strada.
24071	 Un gruppo di persone sta camminando per strada.
19005	 Un gruppo di persone sta camminando per strada.
30660	 Un gruppo di persone sta camminando per strada.
6549	 Un gruppo di persone sta camminando per strada.
27495	 Un gruppo di persone sta camminando per strada.
8427	 Un gruppo di persone sta camminando per strada.
17733	 Un gruppo di persone sta camminando per strada.
28605	 Un gruppo di persone sta camminando per strada.
5835	 Un gruppo di persone sta camminando per strada.
15186	 Un gruppo di persone sta camminando per strada.
23986	 Un gruppo di persone sta camminando per strada.
259	 Un gruppo di persone sta camminando per strada.
28113	 Un gruppo di persone sta camminando per strada.
21580	 Un gruppo di persone sta camminando per strada.
89	 Un gruppo di persone sta camminando per strada.
12417	 Un gruppo di persone sta camminando per strada.
23965	 Un gruppo di persone sta camminando per strada.
22478	 Un gruppo di persone sta camminando per strada.
22953	 Un gruppo di persone sta camminando per strada.
28923	 Un gruppo di persone sta camminando per strada.
10629	 Un gruppo di persone sta camminando per strada.
10732	 Un gruppo di persone sta camminando per strada.
6002	 Un gruppo di persone sta camminando per strada.
15061	 Un gruppo di persone sta camminando per strada.
10242	 Un gruppo di persone sta camminando per strada.
11656	 Un gruppo di persone sta camminando per strada.
19724	 Un gruppo di persone sta camminando per strada.
6192	 Un gruppo di persone sta camminando per strada.
20656	 Un gruppo di persone sta camminando per strada.
7791	 Un gruppo di persone sta camminando per strada.
20891	 Un gruppo di persone sta camminando per strada.
20302	 Un gruppo di persone sta camminando per strada.
30674	 Un gruppo di persone sta camminando per strada.
15448	 Un gruppo di persone sta camminando per strada.
12782	 Un gruppo di persone sta camminando per strada.
19356	 Un gruppo di persone sta camminando per strada.
28057	 Un gruppo di persone sta camminando per strada.
15792	 Un gruppo di persone sta camminando per strada.
9572	 Un gruppo di persone sta camminando per strada.
17652	 Un gruppo di persone sta camminando per strada.
1480	 Un gruppo di persone sta camminando per strada.
9241	 Un gruppo di persone sta camminando per strada.
20562	 Un gruppo di persone sta camminando per strada.
22440	 Un gruppo di persone sta camminando per strada.
12508	 Un gruppo di persone sta camminando per strada.
10490	 Un gruppo di persone sta camminando per strada.
7549	 Un gruppo di persone sta camminando per strada.
27804	 Un gruppo di persone sta camminando per strada.
5618	 Un gruppo di persone sta camminando per strada.
14773	 Un gruppo di persone sta camminando per strada.
25470	 Un gruppo di persone sta camminando per strada.
29301	 Un gruppo di persone sta camminando per strada.
9885	 Un gruppo di persone sta camminando per strada.
2410	 Un gruppo di persone sta camminando per strada.
3701	 Un gruppo di persone sta camminando per strada.
20934	 Un gruppo di persone sta camminando per strada.
19523	 Un gruppo di persone sta camminando per strada.
17940	 Un gruppo di persone sta camminando per strada.
25583	 Un gruppo di persone sta camminando per strada.
12853	 Un gruppo di persone sta camminando per strada.
28142	 Un gruppo di persone sta camminando per strada.
12949	 Un gruppo di persone sta camminando per strada.
29830	 Un gruppo di persone sta camminando per strada.
27238	 Un gruppo di persone sta camminando per strada.
12969	 Un gruppo di persone sta camminando per strada.
4367	 Un gruppo di persone sta camminando per strada.
23240	 Un gruppo di persone sta camminando per strada.
30893	 Un gruppo di persone sta camminando per strada.
4041	 Un gruppo di persone sta camminando per strada.
16996	 Un gruppo di persone sta camminando per strada.
22118	 Un gruppo di persone sta camminando per strada.
28767	 Un gruppo di persone sta camminando per strada.
18666	 Un gruppo di persone sta camminando per strada.
3951	 Un gruppo di persone sta camminando per strada.
8631	 Un gruppo di persone sta camminando per strada.
18532	 Un gruppo di persone sta camminando per strada.
10106	 Un gruppo di persone sta camminando per strada.
20932	 Un gruppo di persone sta camminando per strada.
30456	 Un gruppo di persone sta camminando per strada.
97	 Un gruppo di persone sta camminando per strada.
2130	 Un gruppo di persone sta camminando per strada.
8708	 Un gruppo di persone sta camminando per strada.
9323	 Un gruppo di persone sta camminando per strada.
15674	 Un gruppo di persone sta camminando per strada.
27863	 Un gruppo di persone sta camminando per strada.
2551	 Un gruppo di persone sta camminando per strada.
17376	 Un gruppo di persone sta camminando per strada.
14042	 Un gruppo di persone sta camminando per strada.
12542	 Un gruppo di persone sta camminando per strada.
27636	 Un gruppo di persone sta camminando per strada.
12927	 Un gruppo di persone sta camminando per strada.
2260	 Un gruppo di persone sta camminando per strada.
22193	 Un gruppo di persone sta camminando per strada.
28042	 Un gruppo di persone sta camminando per strada.
25235	 Un gruppo di persone sta camminando per strada.
6830	 Un gruppo di persone sta camminando per strada.
29636	 Un gruppo di persone sta camminando per strada.
16638	 Un gruppo di persone sta camminando per strada.
12053	 Un gruppo di persone sta camminando per strada.
5743	 Un gruppo di persone sta camminando per strada.
26160	 Un gruppo di persone sta camminando per strada.
7986	 Un gruppo di persone sta camminando per strada.
2690	 Un gruppo di persone sta camminando per strada.
12356	 Un gruppo di persone sta camminando per strada.
13566	 Un gruppo di persone sta camminando per strada.
22554	 Un gruppo di persone sta camminando per strada.
4942	 Un gruppo di persone sta camminando per strada.
24169	 Un gruppo di persone sta camminando per strada.
2523	 Un gruppo di persone sta camminando per strada.
29629	 Un gruppo di persone sta camminando per strada.
21799	 Un gruppo di persone sta camminando per strada.
30285	 Un gruppo di persone sta camminando per strada.
8015	 Un gruppo di persone sta camminando per strada.
16004	 Un gruppo di persone sta camminando per strada.
16989	 Un gruppo di persone sta camminando per strada.
9354	 Un gruppo di persone sta camminando per strada.
18419	 Un gruppo di persone sta camminando per strada.
29250	 Un gruppo di persone sta camminando per strada.
2139	 Un gruppo di persone sta camminando per strada.
14479	 Un gruppo di persone sta camminando per strada.
17750	 Un gruppo di persone sta camminando per strada.
5595	 Un gruppo di persone sta camminando per strada.
23091	 Un gruppo di persone sta camminando per strada.
10499	 Un gruppo di persone sta camminando per strada.
25952	 Un gruppo di persone sta camminando per strada.
18028	 Un gruppo di persone sta camminando per strada.
25316	 Un gruppo di persone sta camminando per strada.
22115	 Un gruppo di persone sta camminando per strada.
4007	 Un gruppo di persone sta camminando per strada.
3437	 Un gruppo di persone sta camminando per strada.
24271	 Un gruppo di persone sta camminando per strada.
23502	 Un gruppo di persone sta camminando per strada.
1833	 Un gruppo di persone sta camminando per strada.
29084	 Un gruppo di persone sta camminando per strada.
4981	 Un gruppo di persone sta camminando per strada.
23790	 Un gruppo di persone sta camminando per strada.
28480	 Un gruppo di persone sta camminando per strada.
28328	 Un gruppo di persone sta camminando per strada.
17731	 Un gruppo di persone sta camminando per strada.
15759	 Un gruppo di persone sta camminando per strada.
6068	 Un gruppo di persone sta camminando per strada.
8274	 Un gruppo di persone sta camminando per strada.
15878	 Un gruppo di persone sta camminando per strada.
10692	 Un gruppo di persone sta camminando per strada.
14599	 Un gruppo di persone sta camminando per strada.
20740	 Un gruppo di persone sta camminando per strada.
6283	 Un gruppo di persone sta camminando per strada.
28470	 Un gruppo di persone sta camminando per strada.
17823	 Un gruppo di persone sta camminando per strada.
21900	 Un gruppo di persone sta camminando per strada.
28819	 Un gruppo di persone sta camminando per strada.
5807	 Un gruppo di persone sta camminando per strada.
4452	 Un gruppo di persone sta camminando per strada.
15556	 Un gruppo di persone sta camminando per strada.
23280	 Un gruppo di persone sta camminando per strada.
17669	 Un gruppo di persone sta camminando per strada.
28246	 Un gruppo di persone sta camminando per strada.
8519	 Un gruppo di persone sta camminando per strada.
2131	 Un gruppo di persone sta camminando per strada.
26598	 Un gruppo di persone sta camminando per strada.
16739	 Un gruppo di persone sta camminando per strada.
25069	 Un gruppo di persone sta camminando per strada.
28041	 Un gruppo di persone sta camminando per strada.
18994	 Un gruppo di persone sta camminando per strada.
8554	 Un gruppo di persone sta camminando per strada.
25753	 Un gruppo di persone sta camminando per strada.
22067	 Un gruppo di persone sta camminando per strada.
2113	 Un gruppo di persone sta camminando per strada.
20898	 Un gruppo di persone sta camminando per strada.
8337	 Un gruppo di persone sta camminando per strada.
15219	 Un gruppo di persone sta camminando per strada.
19830	 Un gruppo di persone sta camminando per strada.
14558	 Un gruppo di persone sta camminando per strada.
17963	 Un gruppo di persone sta camminando per strada.
1202	 Un gruppo di persone sta camminando per strada.
23713	 Un gruppo di persone sta camminando per strada.
25820	 Un gruppo di persone sta camminando per strada.
20154	 Un gruppo di persone sta camminando per strada.
29916	 Un gruppo di persone sta camminando per strada.
14164	 Un gruppo di persone sta camminando per strada.
13276	 Un gruppo di persone sta camminando per strada.
19910	 Un gruppo di persone sta camminando per strada.
24457	 Un gruppo di persone sta camminando per strada.
2330	 Un gruppo di persone sta camminando per strada.
7750	 Un gruppo di persone sta camminando per strada.
10469	 Un gruppo di persone sta camminando per strada.
8185	 Un gruppo di persone sta camminando per strada.
27817	 Un gruppo di persone sta camminando per strada.
24043	 Un gruppo di persone sta camminando per strada.
17772	 Un gruppo di persone sta camminando per strada.
17673	 Un gruppo di persone sta camminando per strada.
